,Unnamed: 0,Keyword,Count_news,Count_blog,Count_kin,Count_total
0,0,조폐,311.0,394.0,318.0,1023.0
1,1,공사,311.0,388.0,322.0,1021.0
2,2,작년,13.0,1.0,0.0,14.0
3,3,보안,46.0,14.0,0.0,60.0
4,4,보안기능,29.0,0.0,0.0,29.0
5,5,기능,33.0,0.0,0.0,33.0
6,6,강화,45.0,0.0,0.0,45.0
7,7,새,45.0,0.0,0.0,45.0
8,8,주민증,32.0,0.0,0.0,32.0
9,9,서비스,20.0,0.0,0.0,20.0
10,10,주민,18.0,0.0,5.0,23.0
11,11,주민등록증,25.0,0.0,5.0,30.0
12,12,등록증,18.0,0.0,0.0,18.0
13,13,강화범죄,3.0,0.0,0.0,3.0
14,14,범죄,4.0,0.0,0.0,4.0
15,15,악용,4.0,0.0,0.0,4.0
16,16,원천,4.0,0.0,0.0,4.0
17,17,차단,4.0,0.0,0.0,4.0
18,18,중,9.0,6.0,5.0,20.0
19,19,시행,4.0,0.0,0.0,4.0
20,20,발급,25.0,1.0,21.0,47.0
21,21,시작,3.0,4.0,0.0,7.0
22,22,위,17.0,19.0,1.0,37.0
23,23,위변조,14.0,2.0,0.0,16.0
24,24,변조,14.0,10.0,0.0,24.0
25,25,피해,3.0,0.0,0.0,3.0
26,26,방지,4.0,14.0,0.0,18.0
27,27,교환,3.0,0.0,1.0,4.0
28,28,교체,10.0,0.0,0.0,10.0
29,29,한국,125.0,395.0,316.0,836.0
30,30,권장,3.0,0.0,0.0,3.0
31,31,권고,4.0,0.0,0.0,4.0
32,32,나,3.0,7.0,3.0,13.0
33,33,화폐,26.0,44.0,24.0,94.0
34,34,화폐박물관,19.0,20.0,4.0,43.0
35,35,박물관,25.0,21.0,4.0,50.0
36,36,천사,28.0,0.0,0.0,28.0
37,37,재능,28.0,0.0,0.0,28.0
38,38,메달,34.0,14.0,9.0,57.0
39,39,디자인,29.0,3.0,0.0,32.0
40,40,디자인전,25.0,0.0,0.0,25.0
41,41,전,28.0,2.0,9.0,39.0
42,42,개최,16.0,14.0,0.0,30.0
43,43,화폐박물관천사,3.0,0.0,0.0,3.0
44,44,재능메달,3.0,0.0,0.0,3.0
45,45,비상,118.0,0.0,0.0,118.0
46,46,비상경영체제,41.0,0.0,0.0,41.0
47,47,경영,120.0,1.0,4.0,125.0
48,48,체제,90.0,0.0,0.0,90.0
49,49,선언,53.0,0.0,0.0,53.0
50,50,지난해,37.0,2.0,0.0,39.0
51,51,142,34.0,1.0,0.0,35.0
52,52,142억원,12.0,1.0,0.0,13.0
53,53,억,39.0,1.0,5.0,45.0
54,54,원,29.0,4.0,10.0,43.0
55,55,적자,60.0,4.0,0.0,64.0
56,56,적자비상경영,3.0,0.0,0.0,3.0
57,57,돈,5.0,9.0,26.0,40.0
58,58,공장,4.0,0.0,0.0,4.0
59,59,돌입,53.0,0.0,0.0,53.0
60,60,영업,40.0,4.0,6.0,50.0
61,61,영업적자,21.0,0.0,0.0,21.0
62,62,비상경영,58.0,0.0,0.0,58.0
63,63,142억,16.0,0.0,0.0,16.0
64,64,영업적자비상경영,6.0,0.0,0.0,6.0
65,65,선언매출,3.0,0.0,0.0,3.0
66,66,매출,9.0,0.0,0.0,9.0
67,67,증가,7.0,1.0,0.0,8.0
68,68,불구,7.0,0.0,0.0,7.0
69,69,영업손익,10.0,0.0,0.0,10.0
70,70,손익,13.0,0.0,0.0,13.0
71,71,미래,16.0,0.0,0.0,16.0
72,72,미래성장사업고도화,3.0,0.0,0.0,3.0
73,73,성장,19.0,0.0,0.0,19.0
74,74,사업,25.0,6.0,1.0,32.0
75,75,고도화,6.0,0.0,0.0,6.0
76,76,선언지난해,6.0,0.0,0.0,6.0
77,77,혁신,66.0,1.0,0.0,67.0
78,78,협업,46.0,0.0,0.0,46.0
79,79,협업시민,3.0,0.0,0.0,3.0
80,80,시민,46.0,0.0,0.0,46.0
81,81,참여,46.0,2.0,0.0,48.0
82,82,참여평가서,3.0,0.0,0.0,3.0
83,83,평가서,34.0,0.0,0.0,34.0
84,84,우수,61.0,2.0,0.0,63.0
85,85,선언작년,3.0,0.0,0.0,3.0
86,86,정부,44.0,8.0,9.0,61.0
87,87,우수과제,47.0,0.0,0.0,47.0
88,88,과제,54.0,0.0,0.0,54.0
89,89,혁신부문,30.0,0.0,0.0,30.0
90,90,부문,45.0,0.0,1.0,46.0
91,91,획득,18.0,0.0,0.0,18.0
92,92,반장,32.0,0.0,0.0,32.0
93,93,사장,44.0,5.0,1.0,50.0
94,94,선언여권발급,3.0,0.0,0.0,3.0
95,95,여권,24.0,1.0,0.0,25.0
96,96,급감,14.0,0.0,0.0,14.0
97,97,142억비상경영,3.0,0.0,0.0,3.0
98,98,공공,25.0,19.0,0.0,44.0
99,99,공공기관,25.0,15.0,0.0,40.0
100,100,기관,25.0,19.0,1.0,45.0
101,101,선정,20.0,0.0,0.0,20.0
102,102,선언6개,6.0,0.0,0.0,6.0
103,103,6,10.0,11.0,0.0,21.0
104,104,개,10.0,3.0,5.0,18.0
105,105,가동,10.0,0.0,0.0,10.0
106,106,영,4.0,0.0,1.0,5.0
107,107,영업익,3.0,0.0,0.0,3.0
108,108,업익,3.0,0.0,0.0,3.0
109,109,충격,5.0,4.0,0.0,9.0
110,110,조폐공사반장식,3.0,0.0,0.0,3.0
111,111,반,20.0,0.0,0.0,20.0
112,112,장식,20.0,0.0,0.0,20.0
113,113,선포,3.0,0.0,0.0,3.0
114,114,기재,3.0,0.0,1.0,4.0
115,115,기재부,3.0,0.0,0.0,3.0
116,116,부,4.0,4.0,0.0,8.0
117,117,주관,22.0,0.0,0.0,22.0
118,118,2020,26.0,61.0,5.0,92.0
119,119,적자비상경영체제,6.0,0.0,0.0,6.0
120,120,스위스,4.0,0.0,0.0,4.0
121,121,펄프,4.0,1.0,0.0,5.0
122,122,공급,3.0,3.0,0.0,6.0
123,123,수주,4.0,0.0,0.0,4.0
124,124,쾌거,4.0,1.0,0.0,5.0
125,125,적자전환,3.0,0.0,0.0,3.0
126,126,전환,8.0,2.0,0.0,10.0
127,127,코로나,34.0,2.0,0.0,36.0
128,128,코로나19,23.0,1.0,0.0,24.0
129,129,19,28.0,2.0,0.0,30.0
130,130,장기화,16.0,0.0,0.0,16.0
131,131,디자인전개최,3.0,0.0,0.0,3.0
132,132,경영악화,3.0,0.0,0.0,3.0
133,133,악화,14.0,1.0,0.0,15.0
134,134,극복,14.0,0.0,1.0,15.0
135,135,혁신협업시민참여,34.0,0.0,0.0,34.0
136,136,평가서우수,3.0,0.0,0.0,3.0
137,137,반장식,20.0,0.0,0.0,20.0
138,138,경영혁신,3.0,0.0,0.0,3.0
139,139,위기,16.0,0.0,0.0,16.0
140,140,정부혁신협업시민,9.0,0.0,0.0,9.0
141,141,혁신부문우수획득,3.0,0.0,0.0,3.0
142,142,우,3.0,2.0,0.0,5.0
143,143,획,3.0,0.0,0.0,3.0
144,144,신사업,3.0,0.0,0.0,3.0
145,145,한계,3.0,0.0,0.0,3.0
146,146,보여,3.0,0.0,0.0,3.0
147,147,성장동력,9.0,0.0,0.0,9.0
148,148,동력,10.0,0.0,0.0,10.0
149,149,마련,3.0,0.0,0.0,3.0
150,150,발등,3.0,0.0,0.0,3.0
151,151,불,3.0,0.0,0.0,3.0
152,152,대책,7.0,0.0,0.0,7.0
153,153,회의,22.0,6.0,0.0,28.0
154,154,주재,5.0,0.0,0.0,5.0
155,155,우수과제평가,3.0,0.0,0.0,3.0
156,156,평가,21.0,2.0,1.0,24.0
157,157,직격,3.0,0.0,0.0,3.0
158,158,선언142억원,3.0,0.0,0.0,3.0
159,159,한국조폐공사비상,3.0,0.0,0.0,3.0
160,160,경영체제,3.0,0.0,0.0,3.0
161,161,조폐공사한국,6.0,0.0,1.0,7.0
162,162,국립공원,24.0,1.0,0.0,25.0
163,163,기념,24.0,34.0,13.0,71.0
164,164,기념주화,21.0,12.0,2.0,35.0
165,165,주화,25.0,47.0,11.0,83.0
166,166,공개,24.0,5.0,0.0,29.0
167,167,공개추첨,9.0,0.0,0.0,9.0
168,168,추첨,24.0,0.0,0.0,24.0
169,169,카드,6.0,31.0,2.0,39.0
170,170,기념주화공개추첨,3.0,0.0,0.0,3.0
171,171,발달,19.0,3.0,0.0,22.0
172,172,발달장애인,8.0,3.0,0.0,11.0
173,173,장애인,8.0,4.0,0.0,12.0
174,174,디자이너,16.0,1.0,0.0,17.0
175,175,아트,4.0,4.0,0.0,8.0
176,176,아트메달,4.0,0.0,0.0,4.0
177,177,우수성,3.0,0.0,0.0,3.0
178,178,인정,3.0,0.0,2.0,5.0
179,179,추첨발행량,3.0,0.0,0.0,3.0
180,180,발행,5.0,9.0,15.0,29.0
181,181,량,5.0,0.0,1.0,6.0
182,182,초과,4.0,0.0,0.0,4.0
183,183,예약,5.0,5.0,0.0,10.0
184,184,예약접수,3.0,0.0,0.0,3.0
185,185,접수,5.0,6.0,6.0,17.0
186,186,여권사업,4.0,0.0,0.0,4.0
187,187,부진,4.0,0.0,0.0,4.0
188,188,1,14.0,31.0,14.0,59.0
189,189,1년새,3.0,0.0,0.0,3.0
190,190,년,15.0,60.0,21.0,96.0
191,191,적자전환체질개선,3.0,0.0,0.0,3.0
192,192,체질,3.0,0.0,0.0,3.0
193,193,개선,3.0,0.0,0.0,3.0
194,194,조폐공사행안부,3.0,0.0,0.0,3.0
195,195,행,3.0,1.0,1.0,5.0
196,196,안부,3.0,0.0,0.0,3.0
197,197,모바일,5.0,0.0,0.0,5.0
198,198,운전,4.0,0.0,0.0,4.0
199,199,운전면허증구축협약,3.0,0.0,0.0,3.0
200,200,면허증,4.0,0.0,0.0,4.0
201,201,구축,4.0,0.0,1.0,5.0
202,202,협약,4.0,5.0,0.0,9.0
203,203,데,8.0,0.0,8.0,16.0
204,204,데믹,3.0,0.0,0.0,3.0
205,205,믹,3.0,0.0,0.0,3.0
206,206,유탄,4.0,0.0,0.0,4.0
207,207,조폐공사만년,3.0,0.0,0.0,3.0
208,208,만년,4.0,0.0,0.0,4.0
209,209,흑자,5.0,0.0,0.0,5.0
210,210,공기업,4.0,17.0,13.0,34.0
211,211,선언미래성장,3.0,0.0,0.0,3.0
212,212,등,23.0,16.0,2.0,41.0
213,213,6개,4.0,0.0,0.0,4.0
214,214,2020년,5.0,25.0,4.0,34.0
215,215,1월,10.0,2.0,1.0,13.0
216,216,월,10.0,19.0,4.0,33.0
217,217,육안,10.0,0.0,0.0,10.0
218,218,여부,11.0,1.0,0.0,12.0
219,219,확인,11.0,1.0,6.0,18.0
220,220,수,11.0,17.0,21.0,49.0
221,221,국민,8.0,12.0,1.0,21.0
222,222,15,4.0,1.0,2.0,7.0
223,223,15일,4.0,1.0,0.0,5.0
224,224,일,55.0,24.0,22.0,101.0
225,225,열과,4.0,0.0,0.0,4.0
226,226,훼손,2.0,0.0,0.0,2.0
227,227,국가,4.0,2.0,4.0,10.0
228,228,신분증,4.0,0.0,0.0,4.0
229,229,주민등록증주민증,1.0,0.0,0.0,1.0
230,230,최근,2.0,1.0,1.0,4.0
231,231,5,5.0,6.0,5.0,16.0
232,232,5년20152019년,1.0,0.0,0.0,1.0
233,233,20152019,1.0,0.0,0.0,1.0
234,234,간,2.0,3.0,0.0,5.0
235,235,분실,2.0,0.0,0.0,2.0
236,236,건수,2.0,0.0,0.0,2.0
237,237,790,2.0,0.0,0.0,2.0
238,238,790만건,1.0,0.0,0.0,1.0
239,239,만,6.0,7.0,6.0,19.0
240,240,건,2.0,1.0,1.0,4.0
241,241,한국조폐공사사장,11.0,1.0,0.0,12.0
242,242,1999,7.0,0.0,0.0,7.0
243,243,1999년,7.0,0.0,0.0,7.0
244,244,일제,6.0,0.0,0.0,6.0
245,245,갱신,6.0,0.0,0.0,6.0
246,246,이래,6.0,1.0,0.0,7.0
247,247,20,7.0,0.0,2.0,9.0
248,248,20년만인,5.0,0.0,0.0,5.0
249,249,만인,6.0,0.0,0.0,6.0
250,250,서비스중,3.0,0.0,0.0,3.0
251,251,이번,2.0,9.0,6.0,17.0
252,252,플라스틱,1.0,0.0,0.0,1.0
253,253,재질,1.0,0.0,0.0,1.0
254,254,제조,4.0,11.0,12.0,27.0
255,255,올해,1.0,6.0,5.0,12.0
256,256,레이저,2.0,0.0,0.0,2.0
257,257,보안인쇄기술색,2.0,0.0,0.0,2.0
258,258,인쇄,2.0,0.0,4.0,6.0
259,259,기술,2.0,23.0,4.0,29.0
260,260,색,2.0,0.0,0.0,2.0
261,261,변환,2.0,0.0,0.0,2.0
262,262,특수,2.0,6.0,1.0,9.0
263,263,특수잉크돋움문자,2.0,0.0,0.0,2.0
264,264,잉크,2.0,0.0,0.0,2.0
265,265,돋움,2.0,0.0,0.0,2.0
266,266,문자,2.0,0.0,5.0,7.0
267,267,적용,3.0,2.0,0.0,5.0
268,268,5년간,1.0,0.0,0.0,1.0
269,269,790만,1.0,0.0,0.0,1.0
270,270,가운데,5.0,0.0,0.0,5.0
271,271,이미지,2.0,2.0,0.0,4.0
272,272,20년,2.0,0.0,0.0,2.0
273,273,도입,1.0,3.0,1.0,5.0
274,274,이후,1.0,0.0,1.0,2.0
275,275,화폐박물관대전,4.0,0.0,0.0,4.0
276,276,대전,30.0,14.0,9.0,53.0
277,277,유성,5.0,1.0,1.0,7.0
278,278,유성구,3.0,1.0,1.0,5.0
279,279,구,3.0,5.0,5.0,13.0
280,280,재이,1.0,0.0,0.0,1.0
281,281,26,8.0,1.0,0.0,9.0
282,282,26일,8.0,1.0,0.0,9.0
283,283,특별,11.0,4.0,1.0,16.0
284,284,특별전시실,7.0,0.0,0.0,7.0
285,285,전시실,7.0,0.0,0.0,7.0
286,286,번트,7.0,0.0,0.0,7.0
287,287,증후군,7.0,0.0,0.0,7.0
288,288,아티스트,7.0,0.0,0.0,7.0
289,289,자폐증,4.0,0.0,0.0,4.0
290,290,지적,4.0,0.0,0.0,4.0
291,291,지적장애,4.0,0.0,0.0,4.0
292,292,장애,16.0,0.0,0.0,16.0
293,293,사람,3.0,5.0,5.0,13.0
294,294,유성구은,2.0,0.0,0.0,2.0
295,295,구은,2.0,0.0,0.0,2.0
296,296,11,4.0,2.0,0.0,6.0
297,297,11일,4.0,0.0,0.0,4.0
298,298,8,26.0,2.0,2.0,30.0
299,299,8일,26.0,1.0,0.0,27.0
300,300,본사,27.0,2.0,2.0,31.0
301,301,경영전략회의,16.0,0.0,0.0,16.0
302,302,전략,19.0,4.0,1.0,24.0
303,303,자가,4.0,0.0,2.0,6.0
304,304,발생,5.0,0.0,0.0,5.0
305,305,사장사진,2.0,0.0,0.0,2.0
306,306,사진,5.0,2.0,7.0,14.0
307,307,영향,1.0,0.0,0.0,1.0
308,308,향,1.0,0.0,0.0,1.0
309,309,발급량,1.0,0.0,0.0,1.0
310,310,급감매출채권,1.0,0.0,0.0,1.0
311,311,채권,1.0,0.0,1.0,2.0
312,312,회수,1.0,0.0,0.0,1.0
313,313,지연,1.0,0.0,3.0,4.0
314,314,경비,2.0,0.0,0.0,2.0
315,315,절감,1.0,0.0,0.0,1.0
316,316,투자,2.0,8.0,4.0,14.0
317,317,조정,2.0,0.0,0.0,2.0
318,318,합리화,2.0,0.0,0.0,2.0
319,319,추진,2.0,0.0,0.0,2.0
320,320,100,6.0,3.0,4.0,13.0
321,321,100억원대,3.0,0.0,0.0,3.0
322,322,대,4.0,13.0,3.0,20.0
323,323,강도,2.0,0.0,0.0,2.0
324,324,경영혁신위기,2.0,0.0,0.0,2.0
325,325,기회,2.0,2.0,1.0,5.0
326,326,터,1.0,0.0,0.0,1.0
327,327,코로나19발,1.0,0.0,0.0,1.0
328,328,발,1.0,0.0,0.0,1.0
329,329,한파,1.0,0.0,0.0,1.0
330,330,조폐공사장,1.0,0.0,0.0,1.0
331,331,공사장,1.0,0.0,0.0,1.0
332,332,23,3.0,0.0,0.0,3.0
333,333,23년,1.0,0.0,0.0,1.0
334,334,기록,1.0,0.0,0.0,1.0
335,335,위기극복,3.0,0.0,0.0,3.0
336,336,특별대책,1.0,0.0,0.0,1.0
337,337,경영전략,3.0,0.0,0.0,3.0
338,338,발굴,4.0,2.0,0.0,6.0
339,339,만큼,1.0,1.0,0.0,2.0
340,340,사진한국조폐공사,2.0,0.0,0.0,2.0
341,341,매출액,6.0,1.0,0.0,7.0
342,342,5천,3.0,0.0,0.0,3.0
343,343,천,3.0,1.0,2.0,6.0
344,344,317,1.0,1.0,0.0,2.0
345,345,317억,1.0,0.0,0.0,1.0
346,346,전년,5.0,1.0,0.0,6.0
347,347,13,5.0,2.0,1.0,8.0
348,348,경비절검,1.0,0.0,0.0,1.0
349,349,절검,1.0,0.0,0.0,1.0
350,350,경영합리화,1.0,0.0,0.0,1.0
351,351,필요,1.0,1.0,10.0,12.0
352,352,경영여건,9.0,0.0,0.0,9.0
353,353,여건,10.0,2.0,0.0,12.0
354,354,지속,8.0,1.0,0.0,9.0
355,355,창립,5.0,11.0,2.0,18.0
356,356,70,5.0,8.0,1.0,14.0
357,357,70주년,5.0,8.0,1.0,14.0
358,358,주년,5.0,11.0,6.0,22.0
359,359,미래성장,2.0,0.0,0.0,2.0
360,360,도모,1.0,1.0,0.0,2.0
361,361,전체,1.0,0.0,0.0,1.0
362,362,5317,3.0,0.0,0.0,3.0
363,363,5317억원,2.0,0.0,0.0,2.0
364,364,전년대비,1.0,0.0,0.0,1.0
365,365,대비,1.0,7.0,2.0,10.0
366,366,제공,6.0,2.0,2.0,10.0
367,367,연,2.0,1.0,1.0,4.0
368,368,기획,16.0,3.0,0.0,19.0
369,369,2020년도,15.0,0.0,0.0,15.0
370,370,년도,15.0,0.0,1.0,16.0
371,371,9,11.0,3.0,0.0,14.0
372,372,9일,11.0,0.0,0.0,11.0
373,373,발달장애,12.0,0.0,0.0,12.0
374,374,신규,10.0,4.0,0.0,14.0
375,375,사회적,7.0,9.0,1.0,17.0
376,376,100억원,1.0,0.0,0.0,1.0
377,377,기억,2.0,0.0,0.0,2.0
378,378,음악,2.0,0.0,0.0,2.0
379,379,미술,2.0,0.0,0.0,2.0
380,380,소재,1.0,4.0,1.0,6.0
381,381,전시회,1.0,0.0,0.0,1.0
382,382,반장식가,3.0,0.0,0.0,3.0
383,383,식가,3.0,0.0,0.0,3.0
384,384,여권발급,2.0,0.0,0.0,2.0
385,385,이날,6.0,0.0,0.0,6.0
386,386,인적,1.0,0.0,7.0,8.0
387,387,인적자원,1.0,0.0,0.0,1.0
388,388,자원,1.0,1.0,1.0,3.0
389,389,사업고도화,1.0,0.0,0.0,1.0
390,390,불리,1.0,0.0,0.0,1.0
391,391,신종,3.0,0.0,0.0,3.0
392,392,코로나바이러스,3.0,0.0,0.0,3.0
393,393,바,3.0,41.0,22.0,66.0
394,394,이러스,3.0,0.0,0.0,3.0
395,395,감염증,3.0,0.0,0.0,3.0
396,396,감염증이하,1.0,0.0,0.0,1.0
397,397,이하,1.0,1.0,1.0,3.0
398,398,가치,3.0,11.0,6.0,20.0
399,399,시,1.0,5.0,4.0,10.0
400,400,5317억,1.0,0.0,0.0,1.0
401,401,100억,2.0,0.0,0.0,2.0
402,402,원대,2.0,0.0,0.0,2.0
403,403,기록함,2.0,0.0,0.0,2.0
404,404,이달,2.0,0.0,0.0,2.0
405,405,3,8.0,21.0,9.0,38.0
406,406,3백17억,2.0,0.0,0.0,2.0
407,407,백,2.0,0.0,2.0,4.0
408,408,17,2.0,1.0,0.0,3.0
409,409,1113,1.0,0.0,0.0,1.0
410,410,수주이사회,1.0,0.0,0.0,1.0
411,411,이사회,1.0,0.0,0.0,1.0
412,412,통과,1.0,0.0,0.0,1.0
413,413,사,1.0,4.0,0.0,5.0
414,414,1000,1.0,0.0,2.0,3.0
415,415,면,1.0,1.0,3.0,5.0
416,416,면펄프,1.0,1.0,0.0,2.0
417,417,전방위,1.0,0.0,0.0,1.0
418,418,수출,1.0,4.0,0.0,5.0
419,419,확대,1.0,5.0,0.0,6.0
420,420,행진,2.0,0.0,0.0,2.0
421,421,14,1.0,4.0,0.0,5.0
422,422,14일,1.0,1.0,0.0,2.0
423,423,업계,1.0,0.0,1.0,2.0
424,424,포스터,1.0,0.0,0.0,1.0
425,425,전시,1.0,3.0,1.0,5.0
426,426,미래성장사업,1.0,0.0,0.0,1.0
427,427,여파,2.0,0.0,0.0,2.0
428,428,감소,2.0,0.0,1.0,3.0
429,429,이미지한국조폐공사,1.0,0.0,0.0,1.0
430,430,구성,1.0,1.0,1.0,3.0
431,431,임무,1.0,0.0,0.0,1.0
432,432,위치,1.0,1.0,10.0,12.0
433,433,그동안,1.0,0.0,0.0,1.0
434,434,화폐제조,1.0,0.0,4.0,5.0
435,435,실적,1.0,0.0,1.0,2.0
436,436,판매,1.0,13.0,10.0,24.0
437,437,지역,1.0,12.0,1.0,14.0
438,438,지역상품권,1.0,0.0,0.0,1.0
439,439,상품권,1.0,12.0,0.0,13.0
440,440,방어,1.0,0.0,0.0,1.0
441,441,수상,1.0,7.0,0.0,8.0
442,442,실현,2.0,5.0,0.0,7.0
443,443,사장가운데이,1.0,0.0,0.0,1.0
444,444,가운,1.0,0.0,0.0,1.0
445,445,데이,1.0,0.0,0.0,1.0
446,446,202138,1.0,0.0,0.0,1.0
447,447,재판매,1.0,0.0,0.0,1.0
448,448,금지,1.0,0.0,0.0,1.0
449,449,감염증코로나19,2.0,0.0,0.0,2.0
450,450,결국,1.0,0.0,1.0,2.0
451,451,김,2.0,4.0,0.0,6.0
452,452,김정환,1.0,0.0,0.0,1.0
453,453,정,2.0,3.0,4.0,9.0
454,454,환,1.0,0.0,0.0,1.0
455,455,기자,4.0,2.0,0.0,6.0
456,456,카드형,2.0,8.0,0.0,10.0
457,457,형,2.0,13.0,1.0,16.0
458,458,십이지,2.0,0.0,0.0,2.0
459,459,3일,6.0,0.0,2.0,8.0
460,460,2021,6.0,12.0,0.0,18.0
461,461,국립공원소백산,2.0,0.0,0.0,2.0
462,462,소백산,4.0,0.0,0.0,4.0
463,463,태백산,4.0,0.0,0.0,4.0
464,464,다도해,4.0,0.0,0.0,4.0
465,465,다도해해상,2.0,0.0,0.0,2.0
466,466,해상,4.0,0.0,0.0,4.0
467,467,주왕산,4.0,0.0,0.0,4.0
468,468,행사,6.0,4.0,0.0,10.0
469,469,지난달,3.0,0.0,0.0,3.0
470,470,2,3.0,20.0,14.0,37.0
471,471,2일,3.0,1.0,0.0,4.0
472,472,23일,2.0,0.0,0.0,2.0
473,473,농협,2.0,4.0,0.0,6.0
474,474,농협은행,2.0,3.0,0.0,5.0
475,475,은행,3.0,27.0,10.0,40.0
476,476,우리,2.0,10.0,1.0,13.0
477,477,우리은행,2.0,2.0,0.0,4.0
478,478,전국,2.0,4.0,1.0,7.0
479,479,지점,2.0,0.0,0.0,2.0
480,480,취임,1.0,3.0,0.0,4.0
481,481,주목,1.0,0.0,0.0,1.0
482,482,시사,2.0,0.0,0.0,2.0
483,483,시사위크,1.0,0.0,0.0,1.0
484,484,위크,1.0,0.0,0.0,1.0
485,485,다도해해상주왕산,2.0,0.0,0.0,2.0
486,486,223,1.0,0.0,0.0,1.0
487,487,223일,1.0,0.0,0.0,1.0
488,488,인터넷,1.0,0.0,0.0,1.0
489,489,작품,1.0,0.0,0.0,1.0
490,490,사회적자립,1.0,0.0,0.0,1.0
491,491,자립,1.0,1.0,0.0,2.0
492,492,일자리,1.0,8.0,0.0,9.0
493,493,지원,1.0,5.0,11.0,17.0
494,494,제공한국,1.0,0.0,0.0,1.0
495,495,오른쪽,1.0,0.0,0.0,1.0
496,496,류,1.0,2.0,0.0,3.0
497,497,류병옥,1.0,0.0,0.0,1.0
498,498,병,1.0,1.0,0.0,2.0
499,499,옥,1.0,0.0,4.0,5.0
500,500,사업처장,1.0,0.0,0.0,1.0
501,501,처장,1.0,0.0,0.0,1.0
502,502,강병,1.0,0.0,0.0,1.0
503,503,사업이사,1.0,0.0,0.0,1.0
504,504,이사,1.0,0.0,0.0,1.0
505,505,한국은행,1.0,16.0,8.0,25.0
506,506,이정,1.0,0.0,0.0,1.0
507,507,발권,1.0,0.0,0.0,1.0
508,508,발권국장,1.0,0.0,0.0,1.0
509,509,국장,1.0,0.0,0.0,1.0
510,510,태검,1.0,0.0,0.0,1.0
511,511,발권과장,1.0,0.0,0.0,1.0
512,512,과장,1.0,1.0,4.0,6.0
513,513,앞,1.0,5.0,1.0,7.0
514,514,앞뒷면왼쪽,1.0,0.0,0.0,1.0
515,515,뒷면,1.0,0.0,0.0,1.0
516,516,왼쪽,1.0,1.0,1.0,3.0
517,517,진행,1.0,6.0,5.0,12.0
518,518,구매,2.0,5.0,7.0,14.0
519,519,구매예약,1.0,0.0,0.0,1.0
520,520,접수결과,1.0,0.0,0.0,1.0
521,521,결과,2.0,0.0,2.0,4.0
522,522,2종,1.0,0.0,0.0,1.0
523,523,종,1.0,0.0,1.0,2.0
524,524,세트,1.0,21.0,2.0,24.0
525,525,확산,2.0,0.0,1.0,3.0
526,526,1년,1.0,0.0,1.0,2.0
527,527,특정,1.0,0.0,0.0,1.0
528,528,사업군의,1.0,0.0,0.0,1.0
529,529,군의,1.0,0.0,0.0,1.0
530,530,압도적,1.0,0.0,0.0,1.0
531,531,행정,1.0,4.0,2.0,7.0
532,532,행정안전부,1.0,3.0,0.0,4.0
533,533,안전,1.0,4.0,0.0,5.0
534,534,운전면허증,1.0,0.0,0.0,1.0
535,535,업무,1.0,5.0,6.0,12.0
536,536,위탁,1.0,0.0,0.0,1.0
537,537,맺었다,1.0,0.0,0.0,1.0
538,538,대면,1.0,0.0,0.0,1.0
539,539,대면서면,1.0,0.0,0.0,1.0
540,540,서면,1.0,0.0,0.0,1.0
541,541,방식,1.0,0.0,0.0,1.0
542,542,추진중인,1.0,0.0,0.0,1.0
543,543,중인,1.0,2.0,1.0,4.0
544,544,디지털,1.0,0.0,0.0,1.0
545,545,뉴딜,1.0,0.0,0.0,1.0
546,546,사업가운데,1.0,0.0,0.0,1.0
547,547,10,1.0,12.0,2.0,15.0
548,548,10일,1.0,0.0,0.0,1.0
549,549,입구,1.0,0.0,0.0,1.0
550,550,전경,1.0,0.0,0.0,1.0
551,551,사진이승,1.0,0.0,0.0,1.0
552,552,이승,1.0,0.0,0.0,1.0
553,553,시사저널,1.0,0.0,0.0,1.0
554,554,저널,1.0,0.0,0.0,1.0
555,555,속칭,1.0,0.0,0.0,1.0
556,556,접수량,1.0,0.0,0.0,1.0
557,557,발행량,1.0,0.0,0.0,1.0
558,558,당첨자,2.0,0.0,0.0,2.0
559,559,발표,2.0,1.0,0.0,3.0
560,560,예정,1.0,10.0,0.0,11.0
561,561,뉴,1.0,1.0,0.0,2.0
562,562,뉴데일리,1.0,0.0,0.0,1.0
563,563,데일리,1.0,0.0,0.0,1.0
564,564,김정원,1.0,0.0,0.0,1.0
565,565,정원,1.0,0.0,0.0,1.0
566,566,종료,1.0,0.0,0.0,1.0
567,567,골드,0.0,33.0,17.0,50.0
568,568,골드바,0.0,33.0,17.0,50.0
569,569,사람나래,0.0,3.0,0.0,3.0
570,570,나래,0.0,3.0,0.0,3.0
571,571,한국전자,0.0,3.0,0.0,3.0
572,572,한국전자통신연구원,0.0,3.0,0.0,3.0
573,573,전자,0.0,3.0,5.0,8.0
574,574,통신,0.0,3.0,0.0,3.0
575,575,연구원,0.0,3.0,0.0,3.0
576,576,영상,0.0,14.0,0.0,14.0
577,577,2019,0.0,10.0,2.0,12.0
578,578,대국민,0.0,7.0,0.0,7.0
579,579,영상공모전,0.0,7.0,0.0,7.0
580,580,공모전,0.0,11.0,0.0,11.0
581,581,최우수,0.0,3.0,0.0,3.0
582,582,납품,0.0,4.0,1.0,5.0
583,583,업체,0.0,5.0,0.0,5.0
584,584,나노,0.0,3.0,3.0,6.0
585,585,나노씨엠에스,0.0,3.0,0.0,3.0
586,586,씨,0.0,4.0,0.0,4.0
587,587,엠에스,0.0,3.0,0.0,3.0
588,588,2021년,0.0,5.0,0.0,5.0
589,589,신입,0.0,12.0,3.0,15.0
590,590,신입직원,0.0,7.0,1.0,8.0
591,591,직원,0.0,12.0,9.0,21.0
592,592,60,0.0,4.0,0.0,4.0
593,593,60명,0.0,4.0,0.0,4.0
594,594,명,0.0,5.0,3.0,8.0
595,595,채용,0.0,52.0,30.0,82.0
596,596,예정여자직원,0.0,3.0,0.0,3.0
597,597,여자,0.0,3.0,0.0,3.0
598,598,박,0.0,6.0,0.0,6.0
599,599,박항서,0.0,4.0,0.0,4.0
600,600,항서,0.0,4.0,0.0,4.0
601,601,감독,0.0,4.0,0.0,4.0
602,602,기념메달,0.0,6.0,1.0,7.0
603,603,정규직,0.0,7.0,0.0,7.0
604,604,정책,0.0,6.0,1.0,7.0
605,605,역행,0.0,3.0,0.0,3.0
606,606,역행14년간,0.0,3.0,0.0,3.0
607,607,불법적,0.0,3.0,0.0,3.0
608,608,연봉,0.0,8.0,10.0,18.0
609,609,연봉정보,0.0,3.0,3.0,6.0
610,610,정보,0.0,21.0,16.0,37.0
611,611,자소,0.0,7.0,11.0,18.0
612,612,작성,0.0,7.0,5.0,12.0
613,613,작성방법,0.0,3.0,0.0,3.0
614,614,방법,0.0,6.0,16.0,22.0
615,615,대내외,0.0,3.0,0.0,3.0
616,616,활동,0.0,9.0,0.0,9.0
617,617,현장,0.0,6.0,0.0,6.0
618,618,현장실습,0.0,4.0,0.0,4.0
619,619,실습,0.0,4.0,0.0,4.0
620,620,자동,0.0,4.0,0.0,4.0
621,621,자동심장충격기,0.0,3.0,0.0,3.0
622,622,심장,0.0,4.0,0.0,4.0
623,623,기,0.0,6.0,0.0,6.0
624,624,설치,0.0,5.0,0.0,5.0
625,625,설치사례,0.0,3.0,0.0,3.0
626,626,사례,0.0,4.0,0.0,4.0
627,627,2019년,0.0,4.0,1.0,5.0
628,628,채용형인턴,0.0,3.0,0.0,3.0
629,629,인턴,0.0,11.0,1.0,12.0
630,630,면접,0.0,7.0,12.0,19.0
631,631,경제,0.0,6.0,4.0,10.0
632,632,여행기,0.0,3.0,0.0,3.0
633,633,3편,0.0,3.0,0.0,3.0
634,634,편,0.0,7.0,1.0,8.0
635,635,채용기업분석보고서,0.0,3.0,0.0,3.0
636,636,기업,0.0,13.0,17.0,30.0
637,637,분석,0.0,5.0,2.0,7.0
638,638,보고서,0.0,3.0,1.0,4.0
639,639,공유,0.0,19.0,0.0,19.0
640,640,부산,0.0,3.0,3.0,6.0
641,641,부산동래카페,0.0,3.0,0.0,3.0
642,642,동래,0.0,3.0,0.0,3.0
643,643,카페,0.0,3.0,1.0,4.0
644,644,27,0.0,3.0,0.0,3.0
645,645,다운,0.0,3.0,0.0,3.0
646,646,다운타운,0.0,3.0,0.0,3.0
647,647,타운,0.0,3.0,0.0,3.0
648,648,동래점,0.0,3.0,0.0,3.0
649,649,점,0.0,3.0,0.0,3.0
650,650,곳,0.0,6.0,12.0,18.0
651,651,한국조폐공사채용,0.0,6.0,0.0,6.0
652,652,필기,0.0,10.0,1.0,11.0
653,653,시험,0.0,8.0,2.0,10.0
654,654,인,0.0,10.0,5.0,15.0
655,655,인강,0.0,6.0,0.0,6.0
656,656,강,0.0,9.0,0.0,9.0
657,657,자기소개,0.0,4.0,1.0,5.0
658,658,맞춤,0.0,6.0,0.0,6.0
659,659,연결형,0.0,11.0,0.0,11.0
660,660,은행권,0.0,22.0,0.0,22.0
661,661,원권,0.0,3.0,1.0,4.0
662,662,장,0.0,6.0,2.0,8.0
663,663,전기,0.0,3.0,4.0,7.0
664,664,송정,0.0,3.0,0.0,3.0
665,665,송정민,0.0,3.0,0.0,3.0
666,666,민,0.0,3.0,1.0,4.0
667,667,상주,0.0,3.0,0.0,3.0
668,668,서울,0.0,9.0,5.0,14.0
669,669,서울시청,0.0,4.0,0.0,4.0
670,670,시청,0.0,4.0,1.0,5.0
671,671,세금,0.0,4.0,0.0,4.0
672,672,세금징수,0.0,4.0,0.0,4.0
673,673,징수,0.0,4.0,0.0,4.0
674,674,금융,0.0,7.0,4.0,11.0
675,675,금융감독원,0.0,7.0,0.0,7.0
676,676,감독원,0.0,7.0,0.0,7.0
677,677,한국조폐공사채,0.0,6.0,0.0,6.0
678,678,공사채,0.0,6.0,0.0,6.0
679,679,인강추천,0.0,3.0,0.0,3.0
680,680,추천,0.0,3.0,0.0,3.0
681,681,통,0.0,3.0,0.0,3.0
682,682,필기일정,0.0,3.0,0.0,3.0
683,683,일정,0.0,5.0,5.0,10.0
684,684,준비,0.0,11.0,11.0,22.0
685,685,쥐,0.0,6.0,0.0,6.0
686,686,해,0.0,8.0,1.0,9.0
687,687,유통,0.0,7.0,1.0,8.0
688,688,유통주화,0.0,4.0,0.0,4.0
689,689,가화,0.0,4.0,0.0,4.0
690,690,사성,0.0,4.0,0.0,4.0
691,691,실버,0.0,8.0,4.0,12.0
692,692,실버바,0.0,8.0,4.0,12.0
693,693,20200826,0.0,3.0,0.0,3.0
694,694,20200826수,0.0,3.0,0.0,3.0
695,695,고품질,0.0,3.0,0.0,3.0
696,696,최,0.0,3.0,0.0,3.0
697,697,최신,0.0,3.0,2.0,5.0
698,698,신,0.0,6.0,0.0,6.0
699,699,가능,0.0,5.0,7.0,12.0
700,700,카드상품권,0.0,3.0,0.0,3.0
701,701,1호,0.0,3.0,0.0,3.0
702,702,호,0.0,6.0,0.0,6.0
703,703,지자체,0.0,3.0,0.0,3.0
704,704,유,0.0,3.0,0.0,3.0
705,705,유퀴즈,0.0,3.0,0.0,3.0
706,706,퀴즈,0.0,3.0,0.0,3.0
707,707,이종,0.0,5.0,0.0,5.0
708,708,이종학,0.0,5.0,0.0,5.0
709,709,학,0.0,5.0,2.0,7.0
710,710,위조,0.0,7.0,0.0,7.0
711,711,위조지폐,0.0,3.0,0.0,3.0
712,712,지폐,0.0,13.0,8.0,21.0
713,713,구분법,0.0,3.0,0.0,3.0
714,714,채용설명회,0.0,3.0,0.0,3.0
715,715,설명회,0.0,11.0,0.0,11.0
716,716,총,0.0,4.0,1.0,5.0
717,717,정리,0.0,3.0,0.0,3.0
718,718,후기,0.0,8.0,4.0,12.0
719,719,리뷰,0.0,3.0,0.0,3.0
720,720,관리자,0.0,4.0,0.0,4.0
721,721,지도,0.0,8.0,0.0,8.0
722,722,지도사,0.0,4.0,0.0,4.0
723,723,양성,0.0,5.0,0.0,5.0
724,724,양성과정,0.0,4.0,0.0,4.0
725,725,과정,0.0,9.0,3.0,12.0
726,726,2차수,0.0,4.0,0.0,4.0
727,727,차수,0.0,4.0,0.0,4.0
728,728,교육,0.0,12.0,2.0,14.0
729,729,은화,0.0,3.0,0.0,3.0
730,730,일상,0.0,3.0,0.0,3.0
731,731,현,0.0,7.0,2.0,9.0
732,732,주화세트,0.0,7.0,1.0,8.0
733,733,대학,0.0,3.0,0.0,3.0
734,734,대학일자리본부,0.0,3.0,0.0,3.0
735,735,본부,0.0,4.0,4.0,8.0
736,736,취업,0.0,7.0,17.0,24.0
737,737,취업전략,0.0,4.0,0.0,4.0
738,738,강의,0.0,3.0,0.0,3.0
739,739,현직,0.0,4.0,0.0,4.0
740,740,현직자,0.0,4.0,0.0,4.0
741,741,자,0.0,5.0,1.0,6.0
742,742,온라인,0.0,7.0,0.0,7.0
743,743,멘토링,0.0,4.0,0.0,4.0
744,744,유용,0.0,4.0,0.0,4.0
745,745,꿀,0.0,4.0,0.0,4.0
746,746,연봉자소,0.0,4.0,0.0,4.0
747,747,소식,0.0,7.0,0.0,7.0
748,748,연결형은행권,0.0,6.0,0.0,6.0
749,749,재,0.0,4.0,0.0,4.0
750,750,출시,0.0,8.0,0.0,8.0
751,751,라이브,0.0,4.0,0.0,4.0
752,752,라이브방송,0.0,4.0,0.0,4.0
753,753,방송,0.0,5.0,0.0,5.0
754,754,안내,0.0,4.0,1.0,5.0
755,755,영남,0.0,4.0,0.0,4.0
756,756,업무협약,0.0,5.0,0.0,5.0
757,757,체결,0.0,6.0,0.0,6.0
758,758,주화한국은행,0.0,3.0,0.0,3.0
759,759,회사,0.0,5.0,0.0,5.0
760,760,나지,0.0,3.0,0.0,3.0
761,761,수출입,0.0,4.0,0.0,4.0
762,762,수출입은행한국,0.0,4.0,0.0,4.0
763,763,조폐공사한국투자,0.0,4.0,0.0,4.0
764,764,무료,0.0,6.0,1.0,7.0
765,765,봉투,0.0,3.0,0.0,3.0
766,766,모의고사,0.0,4.0,0.0,4.0
767,767,대표,0.0,6.0,0.0,6.0
768,768,화가,0.0,4.0,0.0,4.0
769,769,시리즈,0.0,4.0,0.0,4.0
770,770,이중섭,0.0,4.0,0.0,4.0
771,771,신협,0.0,7.0,0.0,7.0
772,772,신협중앙회,0.0,3.0,0.0,3.0
773,773,중앙회,0.0,4.0,0.0,4.0
774,774,지역사랑,0.0,8.0,0.0,8.0
775,775,사랑,0.0,8.0,0.0,8.0
776,776,공동,0.0,5.0,0.0,5.0
777,777,공동개발,0.0,3.0,0.0,3.0
778,778,개발,0.0,6.0,6.0,12.0
779,779,쇼핑몰,0.0,19.0,8.0,27.0
780,780,접수중,0.0,3.0,0.0,3.0
781,781,중앙,0.0,8.0,0.0,8.0
782,782,중앙선거관리위원회,0.0,4.0,0.0,4.0
783,783,선거,0.0,4.0,0.0,4.0
784,784,관리,0.0,5.0,3.0,8.0
785,785,위원회,0.0,4.0,4.0,8.0
786,786,공공행정,0.0,4.0,0.0,4.0
787,787,강사,0.0,5.0,0.0,5.0
788,788,강사과정,0.0,4.0,0.0,4.0
789,789,3차,0.0,5.0,0.0,5.0
790,790,차,0.0,9.0,4.0,13.0
791,791,실시,0.0,4.0,0.0,4.0
792,792,판매3차,0.0,3.0,0.0,3.0
793,793,디윰,0.0,11.0,0.0,11.0
794,794,디윰관오픈,0.0,3.0,0.0,3.0
795,795,관,0.0,10.0,0.0,10.0
796,796,오픈,0.0,8.0,0.0,8.0
797,797,할인,0.0,5.0,0.0,5.0
798,798,상반기,0.0,5.0,0.0,5.0
799,799,수령,0.0,4.0,1.0,5.0
800,800,수령완료,0.0,3.0,0.0,3.0
801,801,완료,0.0,3.0,0.0,3.0
802,802,감상,0.0,3.0,0.0,3.0
803,803,채용전문가,0.0,4.0,0.0,4.0
804,804,전문가,0.0,4.0,1.0,5.0
805,805,합격자,0.0,4.0,11.0,15.0
806,806,합격자소,0.0,4.0,9.0,13.0
807,807,소,0.0,5.0,9.0,14.0
808,808,기재위,0.0,3.0,0.0,3.0
809,809,재위,0.0,3.0,0.0,3.0
810,810,국감,0.0,3.0,0.0,3.0
811,811,보도,0.0,4.0,0.0,4.0
812,812,보도자료,0.0,4.0,0.0,4.0
813,813,자료,0.0,4.0,3.0,7.0
814,814,경쟁력,0.0,4.0,0.0,4.0
815,815,발행예정,0.0,3.0,0.0,3.0
816,816,수협,0.0,4.0,0.0,4.0
817,817,수협은행한국조폐,0.0,3.0,0.0,3.0
818,818,한가위,0.0,3.0,0.0,3.0
819,819,맞이,0.0,3.0,0.0,3.0
820,820,프로,0.0,3.0,0.0,3.0
821,821,프로모션,0.0,3.0,0.0,3.0
822,822,모션,0.0,3.0,0.0,3.0
823,823,변조방지기술,0.0,3.0,0.0,3.0
824,824,플래그,0.0,9.0,0.0,9.0
825,825,플래그십,0.0,9.0,0.0,9.0
826,826,십,0.0,9.0,1.0,10.0
827,827,스토어,0.0,9.0,0.0,9.0
828,828,디윰관,0.0,7.0,0.0,7.0
829,829,대한,0.0,12.0,0.0,12.0
830,830,대한민국,0.0,10.0,0.0,10.0
831,831,민국,0.0,10.0,0.0,10.0
832,832,기념우표,0.0,4.0,0.0,4.0
833,833,우표,0.0,4.0,2.0,6.0
834,834,목록,0.0,4.0,0.0,4.0
835,835,기업정보,0.0,6.0,5.0,11.0
836,836,185,0.0,4.0,0.0,4.0
837,837,채용공고,0.0,4.0,2.0,6.0
838,838,공고,0.0,7.0,2.0,9.0
839,839,지원팁,0.0,4.0,0.0,4.0
840,840,팁,0.0,4.0,1.0,5.0
841,841,화폐이야기,0.0,7.0,0.0,7.0
842,842,이야기,0.0,13.0,2.0,15.0
843,843,도착,0.0,3.0,1.0,4.0
844,844,어머니,0.0,4.0,0.0,4.0
845,845,채용채용,0.0,4.0,0.0,4.0
846,846,카드뉴스,0.0,19.0,0.0,19.0
847,847,뉴스,0.0,20.0,0.0,20.0
848,848,나눔,0.0,5.0,0.0,5.0
849,849,나눔국민대상,0.0,3.0,0.0,3.0
850,850,대상,0.0,8.0,0.0,8.0
851,851,해외,0.0,6.0,0.0,6.0
852,852,자회사,0.0,4.0,0.0,4.0
853,853,아시나요,0.0,3.0,0.0,3.0
854,854,대전충,0.0,4.0,0.0,4.0
855,855,충,0.0,4.0,0.0,4.0
856,856,아이디어,0.0,3.0,0.0,3.0
857,857,아이디어톤,0.0,3.0,0.0,3.0
858,858,톤,0.0,3.0,0.0,3.0
859,859,대전금산,0.0,3.0,0.0,3.0
860,860,금산,0.0,3.0,0.0,3.0
861,861,아동,0.0,3.0,0.0,3.0
862,862,어르신,0.0,4.0,0.0,4.0
863,863,후원,0.0,6.0,0.0,6.0
864,864,후원물품,0.0,3.0,0.0,3.0
865,865,물품,0.0,3.0,0.0,3.0
866,866,기증,0.0,3.0,0.0,3.0
867,867,내,0.0,5.0,3.0,8.0
868,868,이름,0.0,3.0,3.0,6.0
869,869,마스코트,0.0,4.0,0.0,4.0
870,870,소개,0.0,7.0,0.0,7.0
871,871,번,0.0,5.0,2.0,7.0
872,872,화폐연대기,0.0,4.0,0.0,4.0
873,873,연대기,0.0,4.0,0.0,4.0
874,874,조,0.0,6.0,6.0,12.0
875,875,2주년,0.0,3.0,0.0,3.0
876,876,급식,0.0,3.0,0.0,3.0
877,877,급식봉사,0.0,3.0,0.0,3.0
878,878,봉사,0.0,7.0,0.0,7.0
879,879,코리,0.0,5.0,3.0,8.0
880,880,직무,0.0,3.0,3.0,6.0
881,881,직무인터뷰,0.0,3.0,1.0,4.0
882,882,인터뷰,0.0,3.0,1.0,4.0
883,883,이상,0.0,5.0,2.0,7.0
884,884,보안기술,0.0,8.0,0.0,8.0
885,885,레진,0.0,4.0,0.0,4.0
886,886,레진아트,0.0,4.0,0.0,4.0
887,887,작품전,0.0,4.0,0.0,4.0
888,888,청렴,0.0,3.0,0.0,3.0
889,889,옴부즈,0.0,3.0,0.0,3.0
890,890,자문,0.0,3.0,0.0,3.0
891,891,자문회의,0.0,3.0,0.0,3.0
892,892,수상작,0.0,8.0,0.0,8.0
893,893,상작,0.0,3.0,0.0,3.0
894,894,위변조방지,0.0,5.0,0.0,5.0
895,895,3대,0.0,4.0,0.0,4.0
896,896,상,0.0,4.0,0.0,4.0
897,897,김좌진,0.0,3.0,0.0,3.0
898,898,장군,0.0,3.0,0.0,3.0
899,899,기념사업,0.0,3.0,0.0,3.0
900,900,청년,0.0,8.0,0.0,8.0
901,901,청년정책,0.0,3.0,0.0,3.0
902,902,선배,0.0,3.0,0.0,3.0
903,903,입사,0.0,5.0,3.0,8.0
904,904,성공,0.0,3.0,0.0,3.0
905,905,2016,0.0,9.0,0.0,9.0
906,906,2016년,0.0,9.0,0.0,9.0
907,907,하반기,0.0,4.0,7.0,11.0
908,908,기반,0.0,10.0,1.0,11.0
909,909,신입직원청년인턴,0.0,4.0,0.0,4.0
910,910,안중근,0.0,4.0,0.0,4.0
911,911,의사,0.0,4.0,0.0,4.0
912,912,순국,0.0,3.0,0.0,3.0
913,913,110,0.0,3.0,0.0,3.0
914,914,추념,0.0,3.0,0.0,3.0
915,915,추념메달,0.0,3.0,0.0,3.0
916,916,수익금,0.0,3.0,0.0,3.0
917,917,기탁,0.0,3.0,0.0,3.0
918,918,홍삼,0.0,3.0,0.0,3.0
919,919,홍삼액,0.0,3.0,0.0,3.0
920,920,액,0.0,3.0,0.0,3.0
921,921,제품,0.0,9.0,2.0,11.0
922,922,지식,0.0,4.0,0.0,4.0
923,923,지식재산권,0.0,3.0,0.0,3.0
924,924,재산권,0.0,3.0,0.0,3.0
925,925,보호,0.0,3.0,0.0,3.0
926,926,기사,0.0,3.0,4.0,7.0
927,927,기사엑소,0.0,3.0,0.0,3.0
928,928,엑소,0.0,4.0,0.0,4.0
929,929,제작,0.0,6.0,1.0,7.0
930,930,공식,0.0,5.0,0.0,5.0
931,931,50,0.0,7.0,5.0,12.0
932,932,50년,0.0,5.0,0.0,5.0
933,933,10월,0.0,5.0,1.0,6.0
934,934,16,0.0,3.0,0.0,3.0
935,935,16일,0.0,3.0,0.0,3.0
936,936,짝,0.0,3.0,0.0,3.0
937,937,위조방지,0.0,4.0,0.0,4.0
938,938,신기술,0.0,3.0,0.0,3.0
939,939,2015912,0.0,3.0,0.0,3.0
940,940,913,0.0,3.0,0.0,3.0
941,941,뱀띠,0.0,4.0,0.0,4.0
942,942,뱀띠모임,0.0,4.0,0.0,4.0
943,943,모임,0.0,4.0,0.0,4.0
944,944,장려상,0.0,4.0,0.0,4.0
945,945,속,0.0,5.0,1.0,6.0
946,946,주인공,0.0,4.0,0.0,4.0
947,947,핸즈,0.0,4.0,0.0,4.0
948,948,핸즈온봉사한국,0.0,3.0,0.0,3.0
949,949,온,0.0,4.0,0.0,4.0
950,950,타이어,0.0,4.0,0.0,4.0
951,951,중앙연구소,0.0,4.0,0.0,4.0
952,952,연구소,0.0,4.0,2.0,6.0
953,953,성심,0.0,4.0,0.0,4.0
954,954,성심당,0.0,4.0,0.0,4.0
955,955,당,0.0,4.0,0.0,4.0
956,956,순도,0.0,5.0,2.0,7.0
957,957,9999,0.0,5.0,2.0,7.0
958,958,케이크,0.0,4.0,0.0,4.0
959,959,브랜드,0.0,5.0,0.0,5.0
960,960,유통주화세트,0.0,3.0,1.0,4.0
961,961,발매,0.0,3.0,0.0,3.0
962,962,한국전쟁,0.0,2.0,0.0,2.0
963,963,전쟁,0.0,2.0,0.0,2.0
964,964,혼란기,0.0,1.0,0.0,1.0
965,965,립되었습니다,0.0,1.0,0.0,1.0
966,966,완벽,0.0,1.0,0.0,1.0
967,967,생산,0.0,2.0,1.0,3.0
968,968,명실상부,0.0,1.0,0.0,1.0
969,969,최고,0.0,1.0,1.0,2.0
970,970,공신력,0.0,1.0,2.0,3.0
971,971,자부,0.0,1.0,0.0,1.0
972,972,화폐박물관19880622,0.0,1.0,0.0,1.0
973,973,19880622,0.0,1.0,0.0,1.0
974,974,개관은,0.0,1.0,0.0,1.0
975,975,관은,0.0,1.0,0.0,1.0
976,976,경제활동,0.0,2.0,0.0,2.0
977,977,매개체,0.0,2.0,1.0,3.0
978,978,관련,0.0,5.0,14.0,19.0
979,979,사료,0.0,2.0,0.0,2.0
980,980,연구,0.0,2.0,1.0,3.0
981,981,연구전시,0.0,1.0,0.0,1.0
982,982,화폐문화,0.0,1.0,0.0,1.0
983,983,문화,0.0,2.0,1.0,3.0
984,984,보존,0.0,1.0,0.0,1.0
985,985,계승,0.0,1.0,0.0,1.0
986,986,나라,0.0,7.0,6.0,13.0
987,987,최초,0.0,2.0,0.0,2.0
988,988,화폐전문박물관,0.0,2.0,0.0,2.0
989,989,전문,0.0,3.0,1.0,4.0
990,990,모습,0.0,3.0,0.0,3.0
991,991,인포,0.0,1.0,0.0,1.0
992,992,인포그래픽,0.0,1.0,0.0,1.0
993,993,그래픽,0.0,1.0,0.0,1.0
994,994,표현,0.0,2.0,0.0,2.0
995,995,지금,0.0,1.0,5.0,6.0
996,996,장진호,0.0,1.0,0.0,1.0
997,997,님,0.0,3.0,2.0,5.0
998,998,가기,0.0,1.0,2.0,3.0
999,999,공,0.0,4.0,4.0,8.0
1000,1000,공감,0.0,3.0,0.0,3.0
1001,1001,감,0.0,3.0,0.0,3.0
1002,1002,요소,0.0,13.0,0.0,13.0
1003,1003,구독,0.0,12.0,0.0,12.0
1004,1004,로그,0.0,10.0,1.0,11.0
1005,1005,2003,0.0,1.0,0.0,1.0
1006,1006,2003년,0.0,1.0,0.0,1.0
1007,1007,설립,0.0,3.0,1.0,4.0
1008,1008,주,0.0,1.0,3.0,4.0
1009,1009,연혁,0.0,1.0,0.0,1.0
1010,1010,해외진출,0.0,1.0,0.0,1.0
1011,1011,진출,0.0,1.0,0.0,1.0
1012,1012,주력,0.0,1.0,0.0,1.0
1013,1013,주요,0.0,1.0,0.0,1.0
1014,1014,주요제품,0.0,1.0,0.0,1.0
1015,1015,채용전형예정,0.0,1.0,0.0,1.0
1016,1016,전형,0.0,4.0,9.0,13.0
1017,1017,일반,0.0,1.0,1.0,2.0
1018,1018,일반정규직,0.0,1.0,0.0,1.0
1019,1019,54,0.0,1.0,0.0,1.0
1020,1020,54명,0.0,1.0,0.0,1.0
1021,1021,내외,0.0,1.0,0.0,1.0
1022,1022,내외4월,0.0,1.0,0.0,1.0
1023,1023,4,0.0,7.0,6.0,13.0
1024,1024,고졸,0.0,1.0,15.0,16.0
1025,1025,고졸채용,0.0,1.0,1.0,2.0
1026,1026,구조,0.0,1.0,0.0,1.0
1027,1027,구조폐창,0.0,1.0,0.0,1.0
1028,1028,폐창,0.0,1.0,0.0,1.0
1029,1029,담당,0.0,2.0,1.0,3.0
1030,1030,충청남,0.0,1.0,0.0,1.0
1031,1031,충청남도,0.0,1.0,0.0,1.0
1032,1032,도,0.0,1.0,0.0,1.0
1033,1033,부여,0.0,2.0,0.0,2.0
1034,1034,부여군,0.0,1.0,0.0,1.0
1035,1035,군,0.0,2.0,1.0,3.0
1036,1036,용지,0.0,4.0,0.0,4.0
1037,1037,제지,0.0,1.0,2.0,3.0
1038,1038,응,0.0,1.0,0.0,1.0
1039,1039,응우,0.0,1.0,0.0,1.0
1040,1040,뚱,0.0,1.0,0.0,1.0
1041,1041,주한,0.0,1.0,0.0,1.0
1042,1042,베트남,0.0,1.0,0.0,1.0
1043,1043,대사,0.0,2.0,0.0,2.0
1044,1044,참석,0.0,1.0,0.0,1.0
1045,1045,축구,0.0,1.0,0.0,1.0
1046,1046,영웅,0.0,1.0,0.0,1.0
1047,1047,업적,0.0,1.0,0.0,1.0
1048,1048,차원,0.0,1.0,0.0,1.0
1049,1049,18,0.0,3.0,0.0,3.0
1050,1050,18일,0.0,2.0,0.0,2.0
1051,1051,노동자,0.0,1.0,0.0,1.0
1052,1052,부당,0.0,1.0,0.0,1.0
1053,1053,부당해고,0.0,1.0,0.0,1.0
1054,1054,해고,0.0,1.0,0.0,1.0
1055,1055,노동계,0.0,1.0,0.0,1.0
1056,1056,정문,0.0,1.0,0.0,1.0
1057,1057,기자회견,0.0,1.0,0.0,1.0
1058,1058,회견,0.0,1.0,0.0,1.0
1059,1059,뿐,0.0,1.0,1.0,2.0
1060,1060,8월,0.0,1.0,0.0,1.0
1061,1061,말,0.0,2.0,1.0,3.0
1062,1062,이,0.0,2.0,1.0,3.0
1063,1063,문제,0.0,1.0,1.0,2.0
1064,1064,문제제기,0.0,1.0,0.0,1.0
1065,1065,제기,0.0,1.0,0.0,1.0
1066,1066,9월,0.0,3.0,0.0,3.0
1067,1067,계약,0.0,1.0,0.0,1.0
1068,1068,계약기간,0.0,1.0,0.0,1.0
1069,1069,기간,0.0,2.0,11.0,13.0
1070,1070,국채,0.0,4.0,1.0,5.0
1071,1071,수입,0.0,3.0,1.0,4.0
1072,1072,기타,0.0,4.0,0.0,4.0
1073,1073,증권,0.0,5.0,1.0,6.0
1074,1074,유가,0.0,5.0,0.0,5.0
1075,1075,유가증권,0.0,5.0,0.0,5.0
1076,1076,지정,0.0,3.0,1.0,4.0
1077,1077,목적,0.0,5.0,1.0,6.0
1078,1078,사용,0.0,8.0,1.0,9.0
1079,1079,특수용지,0.0,3.0,0.0,3.0
1080,1080,국내외,0.0,2.0,0.0,2.0
1081,1081,종합,0.0,3.0,0.0,3.0
1082,1082,종합조폐기관,0.0,3.0,0.0,3.0
1083,1083,산하,0.0,1.0,0.0,1.0
1084,1084,시장,0.0,2.0,5.0,7.0
1085,1085,장소,0.0,1.0,0.0,1.0
1086,1086,관심,0.0,4.0,2.0,6.0
1087,1087,분,0.0,3.0,6.0,9.0
1088,1088,2021학년도,0.0,1.0,0.0,1.0
1089,1089,학년도,0.0,1.0,0.0,1.0
1090,1090,1학기,0.0,1.0,0.0,1.0
1091,1091,학기,0.0,1.0,0.0,1.0
1092,1092,장기,0.0,1.0,0.0,1.0
1093,1093,장기현장실습,0.0,1.0,0.0,1.0
1094,1094,우리나라,0.0,4.0,1.0,5.0
1095,1095,화폐박물관내,0.0,1.0,0.0,1.0
1096,1096,자동심장충격,0.0,1.0,0.0,1.0
1097,1097,화,0.0,1.0,2.0,3.0
1098,1098,화페박물관,0.0,1.0,0.0,1.0
1099,1099,페,0.0,2.0,2.0,4.0
1100,1100,화폐국채수입,0.0,1.0,0.0,1.0
1101,1101,2018,0.0,3.0,0.0,3.0
1102,1102,2018년,0.0,2.0,0.0,2.0
1103,1103,예산,0.0,1.0,0.0,1.0
1104,1104,기준,0.0,1.0,0.0,1.0
1105,1105,1인,0.0,1.0,0.0,1.0
1106,1106,평균,0.0,1.0,1.0,2.0
1107,1107,1902,0.0,1.0,0.0,1.0
1108,1108,1902년,0.0,1.0,0.0,1.0
1109,1109,일본,0.0,1.0,0.0,1.0
1110,1110,제일,0.0,1.0,0.0,1.0
1111,1111,제일은행권,0.0,1.0,0.0,1.0
1112,1112,조선,0.0,2.0,0.0,2.0
1113,1113,조선은행권,0.0,1.0,0.0,1.0
1114,1114,현재,0.0,4.0,6.0,10.0
1115,1115,기업개요,0.0,1.0,0.0,1.0
1116,1116,개요,0.0,1.0,0.0,1.0
1117,1117,보조,0.0,1.0,0.0,1.0
1118,1118,보조화폐,0.0,1.0,0.0,1.0
1119,1119,화폐은행권,0.0,1.0,0.0,1.0
1120,1120,복권,0.0,1.0,1.0,2.0
1121,1121,복권수입,0.0,1.0,0.0,1.0
1122,1122,1951,0.0,3.0,1.0,4.0
1123,1123,1951년,0.0,2.0,1.0,3.0
1124,1124,유일,0.0,2.0,0.0,2.0
1125,1125,제조공기업,0.0,1.0,0.0,1.0
1126,1126,세계적,0.0,1.0,0.0,1.0
1127,1127,수준,0.0,2.0,1.0,3.0
1128,1128,설비,0.0,1.0,0.0,1.0
1129,1129,상황,0.0,1.0,0.0,1.0
1130,1130,변동,0.0,1.0,0.0,1.0
1131,1131,한국조폐공사시험,0.0,1.0,0.0,1.0
1132,1132,저,0.0,5.0,6.0,11.0
1133,1133,2외국어,0.0,1.0,0.0,1.0
1134,1134,외국어,0.0,1.0,0.0,1.0
1135,1135,한국사,0.0,2.0,3.0,5.0
1136,1136,능력,0.0,1.0,1.0,2.0
1137,1137,검정,0.0,1.0,0.0,1.0
1138,1138,1급,0.0,1.0,0.0,1.0
1139,1139,급,0.0,1.0,8.0,9.0
1140,1140,자격,0.0,2.0,5.0,7.0
1141,1141,소지자,0.0,1.0,0.0,1.0
1142,1142,전문자격증,0.0,1.0,0.0,1.0
1143,1143,자격증,0.0,1.0,11.0,12.0
1144,1144,보유자,0.0,1.0,0.0,1.0
1145,1145,합격,0.0,2.0,3.0,5.0
1146,1146,채용형,0.0,1.0,0.0,1.0
1147,1147,3개월,0.0,1.0,0.0,1.0
1148,1148,개월,0.0,1.0,0.0,1.0
1149,1149,정도,0.0,2.0,5.0,7.0
1150,1150,근무,0.0,4.0,4.0,8.0
1151,1151,후,0.0,6.0,1.0,7.0
1152,1152,교육훈련,0.0,1.0,0.0,1.0
1153,1153,훈련,0.0,1.0,0.0,1.0
1154,1154,근무평가,0.0,2.0,0.0,2.0
1155,1155,얼마,0.0,1.0,8.0,9.0
1156,1156,얼마전,0.0,1.0,0.0,1.0
1157,1157,포스팅,0.0,1.0,0.0,1.0
1158,1158,동전,0.0,3.0,6.0,9.0
1159,1159,동전수집,0.0,1.0,0.0,1.0
1160,1160,수집,0.0,1.0,1.0,2.0
1161,1161,화폐수집,0.0,1.0,0.0,1.0
1162,1162,조폐공사쇼핑몰,0.0,1.0,0.0,1.0
1163,1163,배송,0.0,3.0,0.0,3.0
1164,1164,포장,0.0,1.0,0.0,1.0
1165,1165,날,0.0,1.0,0.0,1.0
1166,1166,날위,0.0,1.0,0.0,1.0
1167,1167,선물,0.0,1.0,0.0,1.0
1168,1168,로,0.0,1.0,2.0,3.0
1169,1169,기분,0.0,1.0,0.0,1.0
1170,1170,화폐본부,0.0,1.0,2.0,3.0
1171,1171,25,0.0,1.0,0.0,1.0
1172,1172,25년,0.0,1.0,0.0,1.0
1173,1173,자기,0.0,3.0,6.0,9.0
1174,1174,눈길,0.0,1.0,0.0,1.0
1175,1175,김민지,0.0,1.0,0.0,1.0
1176,1176,민지,0.0,1.0,0.0,1.0
1177,1177,괴담,0.0,1.0,0.0,1.0
1178,1178,딸,0.0,1.0,1.0,2.0
1179,1179,납치,0.0,1.0,0.0,1.0
1180,1180,뒤,0.0,1.0,0.0,1.0
1181,1181,토막,0.0,1.0,4.0,5.0
1182,1182,살해,0.0,1.0,0.0,1.0
1183,1183,범인,0.0,1.0,0.0,1.0
1184,1184,토익,0.0,1.0,0.0,1.0
1185,1185,공부,0.0,1.0,1.0,2.0
1186,1186,시간,0.0,1.0,2.0,3.0
1187,1187,직,0.0,1.0,2.0,3.0
1188,1188,직무역량,0.0,1.0,0.0,1.0
1189,1189,무역량,0.0,1.0,0.0,1.0
1190,1190,경험,0.0,2.0,3.0,5.0
1191,1191,적정,0.0,1.0,0.0,1.0
1192,1192,인재,0.0,1.0,0.0,1.0
1193,1193,부합,0.0,1.0,0.0,1.0
1194,1194,부합여부,0.0,1.0,0.0,1.0
1195,1195,인성,0.0,1.0,1.0,2.0
1196,1196,태도,0.0,1.0,0.0,1.0
1197,1197,사진제공한국조폐,0.0,1.0,0.0,1.0
1198,1198,2015,0.0,1.0,1.0,2.0
1199,1199,2015년,0.0,1.0,0.0,1.0
1200,1200,을미년,0.0,1.0,0.0,1.0
1201,1201,양의,0.0,1.0,0.0,1.0
1202,1202,병신년,0.0,1.0,0.0,1.0
1203,1203,신년,0.0,1.0,0.0,1.0
1204,1204,원숭이,0.0,1.0,0.0,1.0
1205,1205,이모,0.0,1.0,0.0,1.0
1206,1206,댁,0.0,1.0,0.0,1.0
1207,1207,아이,0.0,2.0,0.0,2.0
1208,1208,프리미엄,0.0,1.0,1.0,2.0
1209,1209,문양,0.0,2.0,0.0,2.0
1210,1210,의미,0.0,1.0,0.0,1.0
1211,1211,값,0.0,1.0,1.0,2.0
1212,1212,듯,0.0,1.0,1.0,2.0
1213,1213,수선,0.0,1.0,0.0,1.0
1214,1214,분위기,0.0,1.0,0.0,1.0
1215,1215,04,0.0,1.0,0.0,1.0
1216,1216,04월,0.0,1.0,0.0,1.0
1217,1217,29,0.0,2.0,0.0,2.0
1218,1218,29일,0.0,2.0,0.0,2.0
1219,1219,05,0.0,1.0,0.0,1.0
1220,1220,05월18일,0.0,1.0,0.0,1.0
1221,1221,해당,0.0,2.0,2.0,4.0
1222,1222,앱,0.0,2.0,0.0,2.0
1223,1223,앱한국조페,0.0,1.0,0.0,1.0
1224,1224,회원,0.0,1.0,1.0,2.0
1225,1225,회원가입,0.0,1.0,1.0,2.0
1226,1226,가입,0.0,1.0,1.0,2.0
1227,1227,농협우체국,0.0,1.0,0.0,1.0
1228,1228,우체국,0.0,1.0,0.0,1.0
1229,1229,창구,0.0,2.0,0.0,2.0
1230,1230,방문,0.0,1.0,5.0,6.0
1231,1231,스마트,0.0,2.0,0.0,2.0
1232,1232,스마트폰,0.0,2.0,0.0,2.0
1233,1233,폰,0.0,2.0,0.0,2.0
1234,1234,앱한국조폐공사,0.0,1.0,0.0,1.0
1235,1235,카드신청,0.0,1.0,0.0,1.0
1236,1236,신청,0.0,1.0,7.0,8.0
1237,1237,카드발급7일,0.0,1.0,0.0,1.0
1238,1238,7,0.0,4.0,2.0,6.0
1239,1239,이내,0.0,1.0,1.0,2.0
1240,1240,충전,0.0,1.0,0.0,1.0
1241,1241,이외,0.0,1.0,0.0,1.0
1242,1242,자기님,0.0,1.0,0.0,1.0
1243,1243,금융사기대응팀,0.0,1.0,0.0,1.0
1244,1244,사기,0.0,1.0,0.0,1.0
1245,1245,대응,0.0,1.0,0.0,1.0
1246,1246,팀,0.0,2.0,0.0,2.0
1247,1247,유퀴저,0.0,1.0,0.0,1.0
1248,1248,출연,0.0,1.0,0.0,1.0
1249,1249,서류,0.0,1.0,2.0,3.0
1250,1250,서류전형,0.0,1.0,1.0,2.0
1251,1251,1서류전형,0.0,1.0,0.0,1.0
1252,1252,접수방법,0.0,1.0,0.0,1.0
1253,1253,2월,0.0,2.0,0.0,2.0
1254,1254,홈페이지,0.0,3.0,2.0,5.0
1255,1255,2제출,0.0,1.0,0.0,1.0
1256,1256,제출,0.0,1.0,2.0,3.0
1257,1257,입사지원,0.0,1.0,0.0,1.0
1258,1258,가공,0.0,2.0,0.0,2.0
1259,1259,가공처리,0.0,1.0,0.0,1.0
1260,1260,처리,0.0,1.0,6.0,7.0
1261,1261,1원,0.0,1.0,0.0,1.0
1262,1262,5원,0.0,1.0,0.0,1.0
1263,1263,10원,0.0,1.0,0.0,1.0
1264,1264,50원,0.0,2.0,0.0,2.0
1265,1265,100원,0.0,2.0,0.0,2.0
1266,1266,500,0.0,2.0,0.0,2.0
1267,1267,500원,0.0,2.0,0.0,2.0
1268,1268,광,0.0,1.0,0.0,1.0
1269,1269,명이,0.0,1.0,0.0,1.0
1270,1270,안쪽,0.0,1.0,0.0,1.0
1271,1271,출처,0.0,5.0,0.0,5.0
1272,1272,자태,0.0,1.0,0.0,1.0
1273,1273,보라,0.0,1.0,0.0,1.0
1274,1274,2차,0.0,2.0,4.0,6.0
1275,1275,2004,0.0,1.0,0.0,1.0
1276,1276,2004년,0.0,1.0,0.0,1.0
1277,1277,55,0.0,1.0,0.0,1.0
1278,1278,도안,0.0,1.0,0.0,1.0
1279,1279,경주,0.0,1.0,0.0,1.0
1280,1280,경주역사유적지구,0.0,1.0,0.0,1.0
1281,1281,역사,0.0,2.0,0.0,2.0
1282,1282,유적,0.0,1.0,0.0,1.0
1283,1283,지구,0.0,1.0,0.0,1.0
1284,1284,동궁,0.0,1.0,0.0,1.0
1285,1285,월지,0.0,1.0,0.0,1.0
1286,1286,지,0.0,2.0,1.0,3.0
1287,1287,남산,0.0,1.0,0.0,1.0
1288,1288,칠불암,0.0,1.0,0.0,1.0
1289,1289,마애,0.0,1.0,0.0,1.0
1290,1290,마애불상군,0.0,1.0,0.0,1.0
1291,1291,불상,0.0,1.0,0.0,1.0
1292,1292,백제,0.0,1.0,0.0,1.0
1293,1293,백제역사유적지구,0.0,1.0,0.0,1.0
1294,1294,금동,0.0,1.0,0.0,1.0
1295,1295,금동대향로,0.0,1.0,0.0,1.0
1296,1296,향로,0.0,1.0,0.0,1.0
1297,1297,공주,0.0,1.0,0.0,1.0
1298,1298,공산성,0.0,1.0,0.0,1.0
1299,1299,익산,0.0,1.0,0.0,1.0
1300,1300,미륵사,0.0,1.0,0.0,1.0
1301,1301,졔졔입니,0.0,1.0,0.0,1.0
1302,1302,오늘,0.0,3.0,3.0,6.0
1303,1303,저희,0.0,1.0,1.0,2.0
1304,1304,아빠,0.0,1.0,0.0,1.0
1305,1305,부탁,0.0,2.0,3.0,5.0
1306,1306,2020기념주화,0.0,1.0,0.0,1.0
1307,1307,아침,0.0,2.0,0.0,2.0
1308,1308,난리굿,0.0,1.0,0.0,1.0
1309,1309,이것,0.0,1.0,2.0,3.0
1310,1310,아이템,0.0,1.0,0.0,1.0
1311,1311,한국조폐공사쇼핑몰,0.0,2.0,0.0,2.0
1312,1312,어제,0.0,1.0,0.0,1.0
1313,1313,코,0.0,2.0,1.0,3.0
1314,1314,코레일,0.0,1.0,0.0,1.0
1315,1315,레일,0.0,1.0,1.0,2.0
1316,1316,한국수자원공사,0.0,1.0,1.0,2.0
1317,1317,수자원,0.0,1.0,1.0,2.0
1318,1318,국민연금공단,0.0,1.0,0.0,1.0
1319,1319,연금,0.0,1.0,0.0,1.0
1320,1320,공단,0.0,1.0,1.0,2.0
1321,1321,특강,0.0,1.0,0.0,1.0
1322,1322,설명,0.0,2.0,0.0,2.0
1323,1323,정지선,0.0,1.0,0.0,1.0
1324,1324,한국지역난방공사,0.0,1.0,1.0,2.0
1325,1325,난방,0.0,1.0,1.0,2.0
1326,1326,청년일자리,0.0,1.0,0.0,1.0
1327,1327,희망,0.0,1.0,2.0,3.0
1328,1328,희망캠프,0.0,1.0,0.0,1.0
1329,1329,캠프,0.0,1.0,0.0,1.0
1330,1330,22,0.0,2.0,0.0,2.0
1331,1331,22일,0.0,2.0,0.0,2.0
1332,1332,4시,0.0,1.0,0.0,1.0
1333,1333,답,0.0,1.0,1.0,2.0
1334,1334,캐릭터,0.0,1.0,0.0,1.0
1335,1335,안녕,0.0,5.0,8.0,13.0
1336,1336,인크,0.0,1.0,0.0,1.0
1337,1337,인크루트,0.0,1.0,0.0,1.0
1338,1338,루트,0.0,1.0,0.0,1.0
1339,1339,계신,0.0,2.0,0.0,2.0
1340,1340,계신분,0.0,1.0,0.0,1.0
1341,1341,페이지,0.0,1.0,0.0,1.0
1342,1342,채용소식,0.0,1.0,0.0,1.0
1343,1343,공사소식,0.0,1.0,0.0,1.0
1344,1344,게시판,0.0,1.0,0.0,1.0
1345,1345,보기,0.0,1.0,1.0,2.0
1346,1346,보기연결형은행권,0.0,1.0,0.0,1.0
1347,1347,안내한국조폐공사,0.0,1.0,0.0,1.0
1348,1348,20210127,0.0,1.0,0.0,1.0
1349,1349,155426,0.0,1.0,0.0,1.0
1350,1350,2778,0.0,1.0,0.0,1.0
1351,1351,객님,0.0,1.0,0.0,1.0
1352,1352,2020921,0.0,1.0,0.0,1.0
1353,1353,영남대,0.0,1.0,0.0,1.0
1354,1354,인력,0.0,1.0,0.0,1.0
1355,1355,창출,0.0,2.0,0.0,2.0
1356,1356,길,0.0,1.0,1.0,2.0
1357,1357,길수,0.0,1.0,0.0,1.0
1358,1358,총장,0.0,1.0,0.0,1.0
1359,1359,권,0.0,1.0,0.0,1.0
1360,1360,권칠,0.0,1.0,0.0,1.0
1361,1361,칠,0.0,1.0,0.0,1.0
1362,1362,화폐본부장,0.0,1.0,0.0,1.0
1363,1363,본부장,0.0,1.0,0.0,1.0
1364,1364,영남대학교총장,0.0,1.0,0.0,1.0
1365,1365,대학교,0.0,1.0,0.0,1.0
1366,1366,왜냐,0.0,1.0,0.0,1.0
1367,1367,동기,0.0,1.0,0.0,1.0
1368,1368,현주,0.0,1.0,0.0,1.0
1369,1369,현주누나,0.0,1.0,0.0,1.0
1370,1370,누나,0.0,1.0,0.0,1.0
1371,1371,2020한국,0.0,1.0,0.0,1.0
1372,1372,언,0.0,1.0,0.0,1.0
1373,1373,언박싱,0.0,1.0,0.0,1.0
1374,1374,싱,0.0,1.0,0.0,1.0
1375,1375,겠는,0.0,1.0,0.0,1.0
1376,1376,자세,0.0,1.0,1.0,2.0
1377,1377,패스,0.0,1.0,0.0,1.0
1378,1378,3월,0.0,1.0,1.0,2.0
1379,1379,5천317억,0.0,1.0,0.0,1.0
1380,1380,19일,0.0,1.0,0.0,1.0
1381,1381,국회,0.0,1.0,0.0,1.0
1382,1382,기획재정위원회의,0.0,1.0,0.0,1.0
1383,1383,재정,0.0,1.0,1.0,2.0
1384,1384,위원,0.0,1.0,0.0,1.0
1385,1385,중랑,0.0,2.0,0.0,2.0
1386,1386,중랑구,0.0,1.0,0.0,1.0
1387,1387,수은,0.0,1.0,0.0,1.0
1388,1388,수출입은행,0.0,1.0,0.0,1.0
1389,1389,한국수은,0.0,1.0,0.0,1.0
1390,1390,한국투자공사,0.0,1.0,0.0,1.0
1391,1391,한국재정정보원,0.0,1.0,1.0,2.0
1392,1392,정보원,0.0,1.0,2.0,3.0
1393,1393,재정정보원,0.0,1.0,0.0,1.0
1394,1394,원산지,0.0,1.0,0.0,1.0
1395,1395,원산지정보원,0.0,1.0,0.0,1.0
1396,1396,공기업모의고사,0.0,1.0,0.0,1.0
1397,1397,방향,0.0,1.0,0.0,1.0
1398,1398,학습,0.0,1.0,0.0,1.0
1399,1399,지폐형,0.0,1.0,0.0,1.0
1400,1400,그,0.0,1.0,0.0,1.0
1401,1401,11월,0.0,2.0,0.0,2.0
1402,1402,주문,0.0,2.0,2.0,4.0
1403,1403,주문당시,0.0,1.0,0.0,1.0
1404,1404,당시,0.0,1.0,0.0,1.0
1405,1405,배송임,0.0,1.0,0.0,1.0
1406,1406,임,0.0,1.0,0.0,1.0
1407,1407,생각,0.0,3.0,1.0,4.0
1408,1408,집,0.0,2.0,2.0,4.0
1409,1409,집콕,0.0,1.0,0.0,1.0
1410,1410,콕,0.0,1.0,0.0,1.0
1411,1411,하면서,0.0,1.0,0.0,1.0
1412,1412,사소,0.0,1.0,0.0,1.0
1413,1413,의,0.0,1.0,0.0,1.0
1414,1414,신협중앙회회장,0.0,1.0,0.0,1.0
1415,1415,회장,0.0,1.0,0.0,1.0
1416,1416,김윤식,0.0,1.0,0.0,1.0
1417,1417,4일,0.0,3.0,0.0,3.0
1418,1418,협과,0.0,2.0,0.0,2.0
1419,1419,체크,0.0,3.0,0.0,3.0
1420,1420,체크카드,0.0,2.0,0.0,2.0
1421,1421,각지,0.0,1.0,0.0,1.0
1422,1422,누리,0.0,1.0,0.0,1.0
1423,1423,누리집,0.0,1.0,0.0,1.0
1424,1424,행정안전부가,0.0,1.0,0.0,1.0
1425,1425,부가,0.0,1.0,1.0,2.0
1426,1426,발표자로,0.0,1.0,0.0,1.0
1427,1427,자로,0.0,1.0,0.0,1.0
1428,1428,초대,0.0,1.0,1.0,2.0
1429,1429,공공행정혁신,0.0,1.0,0.0,1.0
1430,1430,주제,0.0,2.0,0.0,2.0
1431,1431,온라인포럼,0.0,1.0,0.0,1.0
1432,1432,포럼,0.0,1.0,0.0,1.0
1433,1433,감사,0.0,1.0,2.0,3.0
1434,1434,시스템,0.0,2.0,0.0,2.0
1435,1435,맥,0.0,1.0,0.0,1.0
1436,1436,맥그로우컨설팅,0.0,1.0,0.0,1.0
1437,1437,그로,0.0,1.0,0.0,1.0
1438,1438,컨설팅,0.0,1.0,1.0,2.0
1439,1439,그룹,0.0,2.0,0.0,2.0
1440,1440,종문,0.0,1.0,0.0,1.0
1441,1441,사내,0.0,2.0,0.0,2.0
1442,1442,사내강사,0.0,1.0,0.0,1.0
1443,1443,부서,0.0,1.0,1.0,2.0
1444,1444,중심,0.0,2.0,0.0,2.0
1445,1445,서버,0.0,1.0,0.0,1.0
1446,1446,웨이팅,0.0,1.0,0.0,1.0
1447,1447,만명,0.0,1.0,0.0,1.0
1448,1448,구입,0.0,2.0,1.0,3.0
1449,1449,난리,0.0,1.0,0.0,1.0
1450,1450,선착순,0.0,2.0,0.0,2.0
1451,1451,할,0.0,1.0,0.0,1.0
1452,1452,인기,0.0,1.0,0.0,1.0
1453,1453,100명,0.0,1.0,0.0,1.0
1454,1454,모형,0.0,1.0,0.0,1.0
1455,1455,비누,0.0,1.0,0.0,1.0
1456,1456,증정,0.0,1.0,1.0,2.0
1457,1457,이벤트,0.0,2.0,0.0,2.0
1458,1458,운영,0.0,2.0,1.0,3.0
1459,1459,일요일,0.0,1.0,0.0,1.0
1460,1460,처음,0.0,1.0,1.0,2.0
1461,1461,금,0.0,1.0,19.0,20.0
1462,1462,애착,0.0,1.0,0.0,1.0
1463,1463,케이스,0.0,1.0,0.0,1.0
1464,1464,줄,0.0,1.0,0.0,1.0
1465,1465,겉,0.0,1.0,0.0,1.0
1466,1466,소유권,0.0,1.0,0.0,1.0
1467,1467,있음,0.0,1.0,0.0,1.0
1468,1468,출품작,0.0,1.0,0.0,1.0
1469,1469,향후,0.0,1.0,0.0,1.0
1470,1470,홍보,0.0,1.0,0.0,1.0
1471,1471,홍보목적홈페이지,0.0,1.0,0.0,1.0
1472,1472,미디어,0.0,1.0,0.0,1.0
1473,1473,활용,0.0,2.0,0.0,2.0
1474,1474,수상자,0.0,1.0,0.0,1.0
1475,1475,상자,0.0,1.0,0.0,1.0
1476,1476,일부,0.0,1.0,0.0,1.0
1477,1477,홍보대사,0.0,1.0,0.0,1.0
1478,1478,끝,0.0,3.0,0.0,3.0
1479,1479,별첨,0.0,1.0,0.0,1.0
1480,1480,별첨1,0.0,1.0,0.0,1.0
1481,1481,시중,0.0,1.0,0.0,1.0
1482,1482,화면,0.0,1.0,0.0,1.0
1483,1483,비교,0.0,1.0,1.0,2.0
1484,1484,첨부,0.0,1.0,1.0,2.0
1485,1485,첨부파일,0.0,1.0,0.0,1.0
1486,1486,파일,0.0,1.0,0.0,1.0
1487,1487,국회의원,0.0,1.0,0.0,1.0
1488,1488,김경협,0.0,1.0,0.0,1.0
1489,1489,경협,0.0,1.0,0.0,1.0
1490,1490,201019,0.0,1.0,0.0,1.0
1491,1491,확보,0.0,1.0,0.0,1.0
1492,1492,다운로드,0.0,1.0,0.0,1.0
1493,1493,출시예정,0.0,1.0,0.0,1.0
1494,1494,메시지,0.0,1.0,0.0,1.0
1495,1495,박스,0.0,1.0,0.0,1.0
1496,1496,품절,0.0,1.0,0.0,1.0
1497,1497,모양,0.0,2.0,0.0,2.0
1498,1498,7일,0.0,1.0,0.0,1.0
1499,1499,날짜,0.0,1.0,1.0,2.0
1500,1500,수협은행,0.0,1.0,0.0,1.0
1501,1501,판매대행,0.0,1.0,0.0,1.0
1502,1502,대행,0.0,1.0,0.0,1.0
1503,1503,영업망,0.0,1.0,0.0,1.0
1504,1504,품질,0.0,2.0,6.0,8.0
1505,1505,보증,0.0,2.0,1.0,3.0
1506,1506,대전연합뉴스,0.0,1.0,0.0,1.0
1507,1507,연합,0.0,1.0,0.0,1.0
1508,1508,김준범,0.0,1.0,0.0,1.0
1509,1509,준범,0.0,1.0,0.0,1.0
1510,1510,국내,0.0,2.0,1.0,3.0
1511,1511,신발,0.0,1.0,0.0,1.0
1512,1512,정품,0.0,1.0,0.0,1.0
1513,1513,정품인증,0.0,1.0,0.0,1.0
1514,1514,인증,0.0,4.0,3.0,7.0
1515,1515,라벨,0.0,1.0,0.0,1.0
1516,1516,부착,0.0,1.0,0.0,1.0
1517,1517,소비자,0.0,1.0,0.0,1.0
1518,1518,보안패턴,0.0,1.0,0.0,1.0
1519,1519,패턴,0.0,1.0,0.0,1.0
1520,1520,구경,0.0,1.0,0.0,1.0
1521,1521,마포,0.0,2.0,0.0,2.0
1522,1522,마포구,0.0,1.0,0.0,1.0
1523,1523,창전,0.0,1.0,0.0,1.0
1524,1524,창전동,0.0,1.0,0.0,1.0
1525,1525,창전동6호선,0.0,1.0,0.0,1.0
1526,1526,동,0.0,1.0,7.0,8.0
1527,1527,선,0.0,3.0,1.0,4.0
1528,1528,광흥창,0.0,2.0,0.0,2.0
1529,1529,광흥창역,0.0,2.0,0.0,2.0
1530,1530,역,0.0,2.0,0.0,2.0
1531,1531,5번,0.0,1.0,0.0,1.0
1532,1532,출구,0.0,1.0,0.0,1.0
1533,1533,사무소,0.0,1.0,0.0,1.0
1534,1534,1층,0.0,1.0,0.0,1.0
1535,1535,층,0.0,1.0,0.0,1.0
1536,1536,디윰관이,0.0,1.0,0.0,1.0
1537,1537,관이,0.0,1.0,0.0,1.0
1538,1538,문,0.0,1.0,2.0,3.0
1539,1539,728,0.0,1.0,0.0,1.0
1540,1540,90,0.0,2.0,0.0,2.0
1541,1541,반응,0.0,1.0,0.0,1.0
1542,1542,연번,0.0,1.0,0.0,1.0
1543,1543,연도,0.0,1.0,0.0,1.0
1544,1544,연도별,0.0,1.0,0.0,1.0
1545,1545,별,0.0,1.0,0.0,1.0
1546,1546,제품명,0.0,1.0,0.0,1.0
1547,1547,2012,0.0,1.0,0.0,1.0
1548,1548,12,0.0,3.0,0.0,3.0
1549,1549,12서울핵안보,0.0,1.0,0.0,1.0
1550,1550,핵,0.0,1.0,0.0,1.0
1551,1551,안보,0.0,1.0,0.0,1.0
1552,1552,정상,0.0,1.0,0.0,1.0
1553,1553,정상회의,0.0,1.0,0.0,1.0
1554,1554,12세계자연보전,0.0,1.0,0.0,1.0
1555,1555,세계,0.0,2.0,0.0,2.0
1556,1556,자연,0.0,1.0,0.0,1.0
1557,1557,보전,0.0,1.0,0.0,1.0
1558,1558,총회,0.0,1.0,0.0,1.0
1559,1559,12연하우표,0.0,1.0,0.0,1.0
1560,1560,하우,0.0,1.0,0.0,1.0
1561,1561,표,0.0,1.0,0.0,1.0
1562,1562,한국무역,0.0,1.0,0.0,1.0
1563,1563,무역,0.0,1.0,0.0,1.0
1564,1564,안녕하세,0.0,1.0,7.0,8.0
1565,1565,하세,0.0,1.0,7.0,8.0
1566,1566,신이,0.0,1.0,0.0,1.0
1567,1567,화폐류,0.0,1.0,0.0,1.0
1568,1568,옆,0.0,1.0,0.0,1.0
1569,1569,분야,0.0,2.0,3.0,5.0
1570,1570,중요,0.0,2.0,1.0,3.0
1571,1571,권리,0.0,1.0,0.0,1.0
1572,1572,조폐권,0.0,1.0,0.0,1.0
1573,1573,일합방,0.0,1.0,0.0,1.0
1574,1574,합방,0.0,1.0,0.0,1.0
1575,1575,다음,0.0,1.0,4.0,5.0
1576,1576,조선은행법이,0.0,1.0,0.0,1.0
1577,1577,법이,0.0,1.0,0.0,1.0
1578,1578,공표,0.0,1.0,0.0,1.0
1579,1579,반반,0.0,1.0,0.0,1.0
1580,1580,매수,0.0,1.0,0.0,1.0
1581,1581,하,0.0,2.0,1.0,3.0
1582,1582,월요,0.0,1.0,0.0,1.0
1583,1583,213222144258681,0.0,1.0,0.0,1.0
1584,1584,가난,0.0,1.0,0.0,1.0
1585,1585,가난일기,0.0,1.0,0.0,1.0
1586,1586,일기,0.0,1.0,0.0,1.0
1587,1587,1026,0.0,1.0,0.0,1.0
1588,1588,한국조폐공사신입,0.0,1.0,0.0,1.0
1589,1589,여러분,0.0,3.0,0.0,3.0
1590,1590,지하철,0.0,1.0,0.0,1.0
1591,1591,6호선,0.0,1.0,0.0,1.0
1592,1592,인근,0.0,1.0,0.0,1.0
1593,1593,눈,0.0,1.0,0.0,1.0
1594,1594,저작자,0.0,1.0,0.0,1.0
1595,1595,저작자표시,0.0,1.0,0.0,1.0
1596,1596,표시,0.0,1.0,0.0,1.0
1597,1597,지역사회,0.0,1.0,0.0,1.0
1598,1598,사회,0.0,3.0,0.0,3.0
1599,1599,상생,0.0,1.0,0.0,1.0
1600,1600,다양,0.0,3.0,0.0,3.0
1601,1601,책임,0.0,1.0,0.0,1.0
1602,1602,주세,0.0,2.0,3.0,5.0
1603,1603,이곳,0.0,1.0,0.0,1.0
1604,1604,2010,0.0,1.0,0.0,1.0
1605,1605,2010년,0.0,1.0,0.0,1.0
1606,1606,목화,0.0,1.0,0.0,1.0
1607,1607,이용,0.0,1.0,0.0,1.0
1608,1608,종이,0.0,1.0,5.0,6.0
1609,1609,원료,0.0,1.0,0.0,1.0
1610,1610,주권국,0.0,1.0,0.0,1.0
1611,1611,5개,0.0,1.0,0.0,1.0
1612,1612,분야한국조폐공사,0.0,1.0,0.0,1.0
1613,1613,보안인증,0.0,1.0,0.0,1.0
1614,1614,솔루션,0.0,1.0,0.0,1.0
1615,1615,신뢰,0.0,1.0,0.0,1.0
1616,1616,신뢰사회,0.0,1.0,0.0,1.0
1617,1617,자리,0.0,1.0,0.0,1.0
1618,1618,어려움,0.0,1.0,1.0,2.0
1619,1619,어린이,0.0,1.0,0.0,1.0
1620,1620,조금,0.0,2.0,3.0,5.0
1621,1621,도움,0.0,1.0,3.0,4.0
1622,1622,약자,0.0,1.0,0.0,1.0
1623,1623,나눔활동,0.0,1.0,0.0,1.0
1624,1624,제가,0.0,1.0,6.0,7.0
1625,1625,목,0.0,2.0,0.0,2.0
1626,1626,스카프,0.0,1.0,0.0,1.0
1627,1627,끝부분,0.0,1.0,0.0,1.0
1628,1628,부분,0.0,1.0,1.0,2.0
1629,1629,앞글자,0.0,1.0,0.0,1.0
1630,1630,글자,0.0,1.0,0.0,1.0
1631,1631,상징,0.0,1.0,0.0,1.0
1632,1632,핵심,0.0,1.0,0.0,1.0
1633,1633,사업이념,0.0,1.0,0.0,1.0
1634,1634,이념,0.0,1.0,0.0,1.0
1635,1635,0,0.0,4.0,0.0,4.0
1636,1636,돈만,0.0,1.0,0.0,1.0
1637,1637,국공채,0.0,1.0,0.0,1.0
1638,1638,각종,0.0,2.0,1.0,3.0
1639,1639,특수제품,0.0,1.0,0.0,1.0
1640,1640,수행,0.0,1.0,0.0,1.0
1641,1641,고용,0.0,1.0,0.0,1.0
1642,1642,가치창출,0.0,1.0,0.0,1.0
1643,1643,노력,0.0,1.0,0.0,1.0
1644,1644,응원,0.0,1.0,0.0,1.0
1645,1645,글,0.0,3.0,0.0,3.0
1646,1646,게재,0.0,3.0,0.0,3.0
1647,1647,강미,0.0,3.0,0.0,3.0
1648,1648,강미정,0.0,3.0,0.0,3.0
1649,1649,탄생,0.0,1.0,0.0,1.0
1650,1650,ㅂ,0.0,1.0,0.0,1.0
1651,1651,임직원,0.0,1.0,0.0,1.0
1652,1652,발걸음,0.0,1.0,0.0,1.0
1653,1653,화폐사업팀,0.0,1.0,0.0,1.0
1654,1654,식,0.0,1.0,3.0,4.0
1655,1655,7년,0.0,1.0,0.0,1.0
1656,1656,기념화폐,0.0,1.0,1.0,2.0
1657,1657,대한상의,0.0,1.0,0.0,1.0
1658,1658,상의,0.0,1.0,0.0,1.0
1659,1659,회의실,0.0,1.0,0.0,1.0
1660,1660,노멀,0.0,1.0,0.0,1.0
1661,1661,시대,0.0,1.0,0.0,1.0
1662,1662,슬기,0.0,1.0,0.0,1.0
1663,1663,활용법,0.0,1.0,0.0,1.0
1664,1664,을,0.0,1.0,0.0,1.0
1665,1665,생활,0.0,1.0,1.0,2.0
1666,1666,가짜,0.0,1.0,0.0,1.0
1667,1667,구분,0.0,1.0,0.0,1.0
1668,1668,첨단,0.0,2.0,0.0,2.0
1669,1669,적,0.0,1.0,0.0,1.0
1670,1670,12월,0.0,1.0,0.0,1.0
1671,1671,달,0.0,1.0,1.0,2.0
1672,1672,동안,0.0,1.0,1.0,2.0
1673,1673,시각,0.0,1.0,0.0,1.0
1674,1674,시각디자이너,0.0,1.0,0.0,1.0
1675,1675,양,0.0,1.0,0.0,1.0
1676,1676,양승혜,0.0,1.0,0.0,1.0
1677,1677,승혜,0.0,1.0,0.0,1.0
1678,1678,작가,0.0,1.0,0.0,1.0
1679,1679,한국표준협회,0.0,1.0,0.0,1.0
1680,1680,표준,0.0,1.0,6.0,7.0
1681,1681,협회,0.0,1.0,1.0,2.0
1682,1682,국제,0.0,1.0,0.0,1.0
1683,1683,부패,0.0,1.0,0.0,1.0
1684,1684,경영시스템,0.0,1.0,0.0,1.0
1685,1685,37001,0.0,1.0,0.0,1.0
1686,1686,계신가요,0.0,1.0,0.0,1.0
1687,1687,가요,0.0,1.0,8.0,9.0
1688,1688,외,0.0,1.0,0.0,1.0
1689,1689,28,0.0,1.0,0.0,1.0
1690,1690,28일목,0.0,1.0,0.0,1.0
1691,1691,오전,0.0,1.0,0.0,1.0
1692,1692,10시,0.0,1.0,0.0,1.0
1693,1693,대한상공회의소,0.0,1.0,0.0,1.0
1694,1694,상공,0.0,1.0,0.0,1.0
1695,1695,여섯,0.0,1.0,0.0,1.0
1696,1696,번째,0.0,1.0,0.0,1.0
1697,1697,수상내역,0.0,1.0,0.0,1.0
1698,1698,내역,0.0,1.0,0.0,1.0
1699,1699,유적지,0.0,1.0,0.0,1.0
1700,1700,복원,0.0,1.0,0.0,1.0
1701,1701,학술,0.0,1.0,0.0,1.0
1702,1702,학술문화,0.0,1.0,0.0,1.0
1703,1703,진흥,0.0,1.0,1.0,2.0
1704,1704,등에,0.0,1.0,0.0,1.0
1705,1705,폐,0.0,1.0,1.0,2.0
1706,1706,제조하는,0.0,1.0,0.0,1.0
1707,1707,역할,0.0,1.0,1.0,2.0
1708,1708,역할만큼,0.0,1.0,0.0,1.0
1709,1709,더,0.0,1.0,0.0,1.0
1710,1710,17수,0.0,1.0,0.0,1.0
1711,1711,17시,0.0,1.0,0.0,1.0
1712,1712,공채,0.0,1.0,4.0,5.0
1713,1713,공채각종,0.0,1.0,0.0,1.0
1714,1714,애국,0.0,1.0,0.0,1.0
1715,1715,애국정신,0.0,1.0,0.0,1.0
1716,1716,정신,0.0,1.0,0.0,1.0
1717,1717,공사소개,0.0,1.0,0.0,1.0
1718,1718,비,0.0,1.0,0.0,1.0
1719,1719,비전,0.0,1.0,0.0,1.0
1720,1720,채널,0.0,1.0,0.0,1.0
1721,1721,무엇,0.0,1.0,13.0,14.0
1722,1722,여행,0.0,2.0,1.0,3.0
1723,1723,프로그램,0.0,2.0,0.0,2.0
1724,1724,고가,0.0,1.0,0.0,1.0
1725,1725,중국,0.0,1.0,1.0,2.0
1726,1726,바이어,0.0,1.0,0.0,1.0
1727,1727,미팅,0.0,1.0,0.0,1.0
1728,1728,공통,0.0,1.0,0.0,1.0
1729,1729,공통자격,0.0,1.0,0.0,1.0
1730,1730,인사,0.0,1.0,0.0,1.0
1731,1731,인사관리,0.0,1.0,0.0,1.0
1732,1732,규정,0.0,1.0,0.0,1.0
1733,1733,제,0.0,1.0,1.0,2.0
1734,1734,10호채용,0.0,1.0,0.0,1.0
1735,1735,결격,0.0,1.0,0.0,1.0
1736,1736,결격사유,0.0,1.0,0.0,1.0
1737,1737,사유,0.0,1.0,0.0,1.0
1738,1738,필수,0.0,1.0,1.0,2.0
1739,1739,자격요건,0.0,1.0,0.0,1.0
1740,1740,요건,0.0,1.0,0.0,1.0
1741,1741,한국인,0.0,1.0,0.0,1.0
1742,1742,한국인삼공사,0.0,1.0,0.0,1.0
1743,1743,삼공사,0.0,1.0,0.0,1.0
1744,1744,손,0.0,1.0,1.0,2.0
1745,1745,손톱,0.0,1.0,0.0,1.0
1746,1746,손톱깎이로,0.0,1.0,0.0,1.0
1747,1747,깎이로,0.0,1.0,0.0,1.0
1748,1748,유명,0.0,1.0,0.0,1.0
1749,1749,쓰리쎄븐이라,0.0,1.0,0.0,1.0
1750,1750,잠상,0.0,1.0,0.0,1.0
1751,1751,최정상,0.0,1.0,0.0,1.0
1752,1752,아이돌그룹,0.0,1.0,0.0,1.0
1753,1753,돌,0.0,1.0,0.0,1.0
1754,1754,한류,0.0,1.0,0.0,1.0
1755,1755,평,0.0,1.0,0.0,1.0
1756,1756,평창,0.0,1.0,0.0,1.0
1757,1757,창,0.0,1.0,3.0,4.0
1758,1758,동계,0.0,1.0,0.0,1.0
1759,1759,동계올림픽,0.0,1.0,0.0,1.0
1760,1760,올림픽,0.0,1.0,0.0,1.0
1761,1761,아시아,0.0,1.0,0.0,1.0
1762,1762,변화,0.0,1.0,0.0,1.0
1763,1763,굴곡,0.0,1.0,0.0,1.0
1764,1764,지속적,0.0,1.0,0.0,1.0
1765,1765,현황,0.0,1.0,0.0,1.0
1766,1766,화보,0.0,1.0,0.0,1.0
1767,1767,본문,0.0,1.0,0.0,1.0
1768,1768,서장,0.0,1.0,0.0,1.0
1769,1769,포함,0.0,1.0,0.0,1.0
1770,1770,7장,0.0,1.0,0.0,1.0
1771,1771,2007,0.0,1.0,0.0,1.0
1772,1772,2007년,0.0,1.0,0.0,1.0
1773,1773,2570,0.0,1.0,0.0,1.0
1774,1774,2570만장,0.0,1.0,0.0,1.0
1775,1775,생산량,0.0,1.0,0.0,1.0
1776,1776,2009,0.0,1.0,0.0,1.0
1777,1777,2009년,0.0,1.0,0.0,1.0
1778,1778,기점,0.0,1.0,0.0,1.0
1779,1779,하락,0.0,1.0,0.0,1.0
1780,1780,796,0.0,1.0,0.0,1.0
1781,1781,796만장,0.0,1.0,0.0,1.0
1782,1782,약,0.0,1.0,1.0,2.0
1783,1783,기본,0.0,1.0,0.0,1.0
1784,1784,기본사업,0.0,1.0,0.0,1.0
1785,1785,그중,0.0,1.0,0.0,1.0
1786,1786,진품,0.0,1.0,0.0,1.0
1787,1787,일반인,0.0,1.0,0.0,1.0
1788,1788,접근,0.0,1.0,0.0,1.0
1789,1789,활용도,0.0,1.0,0.0,1.0
1790,1790,오랜만,0.0,1.0,0.0,1.0
1791,1791,아,0.0,1.0,2.0,3.0
1792,1792,모,0.0,1.0,0.0,1.0
1793,1793,직원복지용,0.0,1.0,0.0,1.0
1794,1794,복지용,0.0,1.0,0.0,1.0
1795,1795,사내캠핑장,0.0,1.0,0.0,1.0
1796,1796,캠핑,0.0,1.0,0.0,1.0
1797,1797,15911913,0.0,1.0,0.0,1.0
1798,1798,2박3일,0.0,1.0,0.0,1.0
1799,1799,토요일,0.0,1.0,4.0,5.0
1800,1800,관계,0.0,1.0,0.0,1.0
1801,1801,퇴근,0.0,1.0,0.0,1.0
1802,1802,퇴근후,0.0,1.0,0.0,1.0
1803,1803,히어로,0.0,1.0,0.0,1.0
1804,1804,활약,0.0,1.0,0.0,1.0
1805,1805,이것저것,0.0,1.0,0.0,1.0
1806,1806,부자,0.0,1.0,0.0,1.0
1807,1807,꿈,0.0,1.0,0.0,1.0
1808,1808,허사,0.0,1.0,0.0,1.0
1809,1809,김동원,0.0,1.0,0.0,1.0
1810,1810,동원,0.0,1.0,0.0,1.0
1811,1811,라,0.0,1.0,0.0,1.0
1812,1812,라승아,0.0,1.0,0.0,1.0
1813,1813,승아,0.0,1.0,0.0,1.0
1814,1814,김경진,0.0,1.0,0.0,1.0
1815,1815,경진,0.0,1.0,0.0,1.0
1816,1816,어진,0.0,1.0,0.0,1.0
1817,1817,변천사,0.0,1.0,0.0,1.0
1818,1818,관람료,0.0,1.0,0.0,1.0
1819,1819,만족도,0.0,1.0,0.0,1.0
1820,1820,탐험가,0.0,1.0,0.0,1.0
1821,1821,위험,0.0,1.0,0.0,1.0
1822,1822,이곳저곳,0.0,1.0,0.0,1.0
1823,1823,모험,0.0,1.0,0.0,1.0
1824,1824,6월,0.0,1.0,0.0,1.0
1825,1825,핸즈온,0.0,1.0,0.0,1.0
1826,1826,봉사활동,0.0,1.0,0.0,1.0
1827,1827,피자,0.0,1.0,0.0,1.0
1828,1828,만들기,0.0,1.0,0.0,1.0
1829,1829,전시자원봉사센터,0.0,1.0,0.0,1.0
1830,1830,센터,0.0,1.0,6.0,7.0
1831,1831,기업연계,0.0,1.0,0.0,1.0
1832,1832,연계,0.0,1.0,1.0,2.0
1833,1833,21,0.0,1.0,1.0,2.0
1834,1834,21일,0.0,1.0,0.0,1.0
1835,1835,명소,0.0,1.0,0.0,1.0
1836,1836,피,0.0,1.0,4.0,5.0
1837,1837,피낭시,0.0,1.0,0.0,1.0
1838,1838,낭시,0.0,1.0,0.0,1.0
1839,1839,제품화한,0.0,1.0,0.0,1.0
1840,1840,화한,0.0,1.0,0.0,1.0
1841,1841,콤스,0.0,1.0,0.0,1.0
1842,1842,콤스코,0.0,1.0,0.0,1.0
1843,1843,배송관련정보,0.0,1.0,0.0,1.0
1844,1844,배송비용,0.0,1.0,0.0,1.0
1845,1845,비용,0.0,1.0,3.0,4.0
1846,1846,착불,0.0,1.0,0.0,1.0
1847,1847,4000,0.0,1.0,0.0,1.0
1848,1848,4000원,0.0,1.0,0.0,1.0
1849,1849,3만원이상,0.0,1.0,0.0,1.0
1850,1850,구매시,0.0,1.0,0.0,1.0
1851,1851,제외,0.0,1.0,0.0,1.0
1852,1852,배송업체,0.0,1.0,0.0,1.0
1853,1853,상품별,0.0,1.0,0.0,1.0
1854,1854,통운,0.0,1.0,0.0,1.0
1855,1855,통운택배,0.0,1.0,0.0,1.0
1856,1856,택배,0.0,1.0,0.0,1.0
1857,1857,한국거래소,0.0,1.0,0.0,1.0
1858,1858,거래소,0.0,1.0,16.0,17.0
1859,1859,품질인증기관,0.0,1.0,0.0,1.0
1860,1860,포,0.0,1.0,0.0,1.0
1861,1861,포나인,0.0,1.0,0.0,1.0
1862,1862,나인,0.0,1.0,0.0,1.0
1863,1863,보안요소,0.0,1.0,0.0,1.0
1864,1864,고유,0.0,1.0,0.0,1.0
1865,1865,홀,0.0,1.0,0.0,1.0
1866,1866,홀마크,0.0,1.0,0.0,1.0
1867,1867,마크,0.0,1.0,0.0,1.0
1868,1868,자체,0.0,1.0,1.0,2.0
1869,1869,특허,0.0,1.0,1.0,2.0
1870,1870,특허기술,0.0,1.0,0.0,1.0
1871,1871,중앙은행,0.0,0.0,4.0,4.0
1872,1872,차이,0.0,0.0,5.0,5.0
1873,1873,첨삭,0.0,0.0,7.0,7.0
1874,1874,소개서,0.0,0.0,4.0,4.0
1875,1875,부사장,0.0,0.0,4.0,4.0
1876,1876,퇴직,0.0,0.0,4.0,4.0
1877,1877,나이,0.0,0.0,4.0,4.0
1878,1878,취직,0.0,0.0,8.0,8.0
1879,1879,질문,0.0,0.0,23.0,23.0
1880,1880,취업방법,0.0,0.0,3.0,3.0
1881,1881,어디,0.0,0.0,14.0,14.0
1882,1882,연봉얼마,0.0,0.0,4.0,4.0
1883,1883,채용관련,0.0,0.0,3.0,3.0
1884,1884,올,0.0,0.0,3.0,3.0
1885,1885,기술직,0.0,0.0,8.0,8.0
1886,1886,취업준비어케,0.0,0.0,4.0,4.0
1887,1887,어케,0.0,0.0,4.0,4.0
1888,1888,청소년,0.0,0.0,34.0,34.0
1889,1889,청소년증,0.0,0.0,34.0,34.0
1890,1890,증,0.0,0.0,34.0,34.0
1891,1891,한국조폐공사질문,0.0,0.0,3.0,3.0
1892,1892,영업개발단,0.0,0.0,4.0,4.0
1893,1893,단,0.0,0.0,4.0,4.0
1894,1894,하나,0.0,0.0,10.0,10.0
1895,1895,차이점,0.0,0.0,4.0,4.0
1896,1896,얘긴데,0.0,0.0,3.0,3.0
1897,1897,주식,0.0,0.0,6.0,6.0
1898,1898,직위,0.0,0.0,4.0,4.0
1899,1899,4급과장,0.0,0.0,4.0,4.0
1900,1900,채무,0.0,0.0,4.0,4.0
1901,1901,1억,0.0,0.0,4.0,4.0
1902,1902,15774321,0.0,0.0,4.0,4.0
1903,1903,번호,0.0,0.0,5.0,5.0
1904,1904,연락,0.0,0.0,4.0,4.0
1905,1905,안,0.0,0.0,5.0,5.0
1906,1906,내서,0.0,0.0,5.0,5.0
1907,1907,홈,0.0,0.0,4.0,4.0
1908,1908,홈피,0.0,0.0,4.0,4.0
1909,1909,살인,0.0,0.0,4.0,4.0
1910,1910,살인사건,0.0,0.0,3.0,3.0
1911,1911,사건,0.0,0.0,4.0,4.0
1912,1912,대구,0.0,0.0,8.0,8.0
1913,1913,대전한국조폐공사,0.0,0.0,3.0,3.0
1914,1914,자신,0.0,0.0,3.0,3.0
1915,1915,얼굴,0.0,0.0,4.0,4.0
1916,1916,경상,0.0,0.0,4.0,4.0
1917,1917,경상북도,0.0,0.0,4.0,4.0
1918,1918,북도,0.0,0.0,4.0,4.0
1919,1919,경산,0.0,0.0,6.0,6.0
1920,1920,경산시,0.0,0.0,4.0,4.0
1921,1921,둘,0.0,0.0,4.0,4.0
1922,1922,금융통화위원회,0.0,0.0,4.0,4.0
1923,1923,통화,0.0,0.0,6.0,6.0
1924,1924,승인,0.0,0.0,4.0,4.0
1925,1925,고졸전용,0.0,0.0,3.0,3.0
1926,1926,전용,0.0,0.0,4.0,4.0
1927,1927,내신,0.0,0.0,4.0,4.0
1928,1928,내신3등급,0.0,0.0,3.0,3.0
1929,1929,등급,0.0,0.0,4.0,4.0
1930,1930,국금,0.0,0.0,3.0,3.0
1931,1931,국금거래소,0.0,0.0,3.0,3.0
1932,1932,처리방법,0.0,0.0,4.0,4.0
1933,1933,마감일,0.0,0.0,3.0,3.0
1934,1934,작성가능,0.0,0.0,3.0,3.0
1935,1935,가정,0.0,0.0,5.0,5.0
1936,1936,가정동,0.0,0.0,5.0,5.0
1937,1937,이유,0.0,0.0,7.0,7.0
1938,1938,충고,0.0,0.0,3.0,3.0
1939,1939,어음,0.0,0.0,4.0,4.0
1940,1940,값어치,0.0,0.0,4.0,4.0
1941,1941,서울고속버스터미널,0.0,0.0,3.0,3.0
1942,1942,고속,0.0,0.0,3.0,3.0
1943,1943,버스,0.0,0.0,4.0,4.0
1944,1944,터미널,0.0,0.0,4.0,4.0
1945,1945,동사무소,0.0,0.0,5.0,5.0
1946,1946,분여,0.0,0.0,3.0,3.0
1947,1947,한국조폐공사50,0.0,0.0,3.0,3.0
1948,1948,주년기념메달,0.0,0.0,3.0,3.0
1949,1949,학원,0.0,0.0,6.0,6.0
1950,1950,주실,0.0,0.0,4.0,4.0
1951,1951,주소,0.0,0.0,5.0,5.0
1952,1952,옥션,0.0,0.0,5.0,5.0
1953,1953,션,0.0,0.0,4.0,4.0
1954,1954,경매,0.0,0.0,4.0,4.0
1955,1955,판매처,0.0,0.0,3.0,3.0
1956,1956,금시세,0.0,0.0,5.0,5.0
1957,1957,시세,0.0,0.0,5.0,5.0
1958,1958,무한,0.0,0.0,4.0,4.0
1959,1959,무한정,0.0,0.0,4.0,4.0
1960,1960,1963,0.0,0.0,3.0,3.0
1961,1961,1963년,0.0,0.0,3.0,3.0
1962,1962,대구도시철도,0.0,0.0,4.0,4.0
1963,1963,도시,0.0,0.0,4.0,4.0
1964,1964,철도,0.0,0.0,4.0,4.0
1965,1965,업무형태,0.0,0.0,4.0,4.0
1966,1966,형태,0.0,0.0,4.0,4.0
1967,1967,뭐,0.0,0.0,4.0,4.0
1968,1968,유효,0.0,0.0,3.0,3.0
1969,1969,유효기간,0.0,0.0,3.0,3.0
1970,1970,발급일,0.0,0.0,3.0,3.0
1971,1971,발급지연,0.0,0.0,3.0,3.0
1972,1972,때,0.0,0.0,9.0,9.0
1973,1973,모든,0.0,0.0,4.0,4.0
1974,1974,절차,0.0,0.0,4.0,4.0
1975,1975,옛날,0.0,0.0,3.0,3.0
1976,1976,화폐가치,0.0,0.0,3.0,3.0
1977,1977,가격,0.0,0.0,5.0,5.0
1978,1978,가격문의,0.0,0.0,3.0,3.0
1979,1979,문의,0.0,0.0,3.0,3.0
1980,1980,당백전,0.0,0.0,3.0,3.0
1981,1981,정이,0.0,0.0,3.0,3.0
1982,1982,확충,0.0,0.0,3.0,3.0
1983,1983,민간인,0.0,0.0,4.0,4.0
1984,1984,정부기업,0.0,0.0,4.0,4.0
1985,1985,인수,0.0,0.0,4.0,4.0
1986,1986,금거래소,0.0,0.0,6.0,6.0
1987,1987,품질경영기사,0.0,0.0,4.0,4.0
1988,1988,우대,0.0,0.0,3.0,3.0
1989,1989,발급기간,0.0,0.0,3.0,3.0
1990,1990,충남,0.0,0.0,3.0,3.0
1991,1991,충남대,0.0,0.0,3.0,3.0
1992,1992,전자공학과,0.0,0.0,3.0,3.0
1993,1993,학과,0.0,0.0,4.0,4.0
1994,1994,부산대,0.0,0.0,3.0,3.0
1995,1995,나노메카트로닉스공학,0.0,0.0,3.0,3.0
1996,1996,메카트로닉스,0.0,0.0,3.0,3.0
1997,1997,공학,0.0,0.0,3.0,3.0
1998,1998,2001,0.0,0.0,4.0,4.0
1999,1999,2001년,0.0,0.0,4.0,4.0
2000,2000,한국조폐공사제조,0.0,0.0,3.0,3.0
2001,2001,방문기념,0.0,0.0,4.0,4.0
2002,2002,한국표준금거래소,0.0,0.0,5.0,5.0
2003,2003,용어,0.0,0.0,1.0,1.0
2004,2004,인쇄물,0.0,0.0,2.0,2.0
2005,2005,수표,0.0,0.0,3.0,3.0
2006,2006,첨삭경험,0.0,0.0,1.0,1.0
2007,2007,목표,0.0,0.0,1.0,1.0
2008,2008,지식인,0.0,0.0,2.0,2.0
2009,2009,수업,0.0,0.0,1.0,1.0
2010,2010,드릴,0.0,0.0,1.0,1.0
2011,2011,201812,0.0,0.0,1.0,1.0
2012,2012,승,0.0,0.0,1.0,1.0
2013,2013,승진해,0.0,0.0,1.0,1.0
2014,2014,진해,0.0,0.0,1.0,1.0
2015,2015,퇴직나이,0.0,0.0,1.0,1.0
2016,2016,인가요,0.0,0.0,1.0,1.0
2017,2017,임원,0.0,0.0,2.0,2.0
2018,2018,은,0.0,0.0,3.0,3.0
2019,2019,책,0.0,0.0,1.0,1.0
2020,2020,책하나,0.0,0.0,1.0,1.0
2021,2021,거기,0.0,0.0,1.0,1.0
2022,2022,양이,0.0,0.0,1.0,1.0
2023,2023,조폐공사관련,0.0,0.0,1.0,1.0
2024,2024,면접체험,0.0,0.0,1.0,1.0
2025,2025,체험,0.0,0.0,1.0,1.0
2026,2026,거,0.0,0.0,7.0,7.0
2027,2027,컴,0.0,0.0,1.0,1.0
2028,2028,컴활2급,0.0,0.0,1.0,1.0
2029,2029,활,0.0,0.0,1.0,1.0
2030,2030,보통,0.0,0.0,2.0,2.0
2031,2031,세무,0.0,0.0,1.0,1.0
2032,2032,세무회계쪽,0.0,0.0,1.0,1.0
2033,2033,회계,0.0,0.0,1.0,1.0
2034,2034,쪽,0.0,0.0,4.0,4.0
2035,2035,종사자,0.0,0.0,1.0,1.0
2036,2036,취득,0.0,0.0,1.0,1.0
2037,2037,여기,0.0,0.0,1.0,1.0
2038,2038,입금,0.0,0.0,1.0,1.0
2039,2039,확인중이,0.0,0.0,1.0,1.0
2040,2040,중이,0.0,0.0,1.0,1.0
2041,2041,통장,0.0,0.0,1.0,1.0
2042,2042,계좌,0.0,0.0,1.0,1.0
2043,2043,송금,0.0,0.0,1.0,1.0
2044,2044,인성검사,0.0,0.0,1.0,1.0
2045,2045,검사,0.0,0.0,2.0,2.0
2046,2046,채용65명,0.0,0.0,1.0,1.0
2047,2047,65,0.0,0.0,1.0,1.0
2048,2048,선발,0.0,0.0,1.0,1.0
2049,2049,면접진행,0.0,0.0,1.0,1.0
2050,2050,전형방법,0.0,0.0,1.0,1.0
2051,2051,채용지원중,0.0,0.0,1.0,1.0
2052,2052,포털,0.0,0.0,1.0,1.0
2053,2053,질문자,0.0,0.0,7.0,7.0
2054,2054,한국조폐공사쪽,0.0,0.0,1.0,1.0
2055,2055,합격스펙,0.0,0.0,4.0,4.0
2056,2056,스펙,0.0,0.0,7.0,7.0
2057,2057,기원,0.0,0.0,1.0,1.0
2058,2058,업무지원직,0.0,0.0,1.0,1.0
2059,2059,공채정보,0.0,0.0,1.0,1.0
2060,2060,구체적,0.0,0.0,1.0,1.0
2061,2061,신입채용공고,0.0,0.0,1.0,1.0
2062,2062,인적성후기,0.0,0.0,1.0,1.0
2063,2063,성,0.0,0.0,4.0,4.0
2064,2064,신입채용형인턴,0.0,0.0,1.0,1.0
2065,2065,클릭,0.0,0.0,2.0,2.0
2066,2066,아래,0.0,0.0,2.0,2.0
2067,2067,링크,0.0,0.0,1.0,1.0
2068,2068,고졸전형,0.0,0.0,2.0,2.0
2069,2069,업무지원직행정,0.0,0.0,1.0,1.0
2070,2070,보신,0.0,0.0,1.0,1.0
2071,2071,공채자료,0.0,0.0,1.0,1.0
2072,2072,인적성,0.0,0.0,2.0,2.0
2073,2073,답변,0.0,0.0,7.0,7.0
2074,2074,예상,0.0,0.0,2.0,2.0
2075,2075,채용일정,0.0,0.0,2.0,2.0
2076,2076,180911,0.0,0.0,2.0,2.0
2077,2077,180917,0.0,0.0,2.0,2.0
2078,2078,추가적,0.0,0.0,2.0,2.0
2079,2079,언제쯤,0.0,0.0,3.0,3.0
2080,2080,화폐전문,0.0,0.0,1.0,1.0
2081,2081,특성,0.0,0.0,2.0,2.0
2082,2082,특성화고,0.0,0.0,1.0,1.0
2083,2083,화고,0.0,0.0,1.0,1.0
2084,2084,얼마정도,0.0,0.0,1.0,1.0
2085,2085,기술직무,0.0,0.0,1.0,1.0
2086,2086,고,0.0,0.0,1.0,1.0
2087,2087,고2,0.0,0.0,1.0,1.0
2088,2088,실,0.0,0.0,2.0,2.0
2089,2089,실업계,0.0,0.0,1.0,1.0
2090,2090,모집,0.0,0.0,1.0,1.0
2091,2091,모집분야,0.0,0.0,1.0,1.0
2092,2092,기계,0.0,0.0,2.0,2.0
2093,2093,기계전자기술인쇄,0.0,0.0,1.0,1.0
2094,2094,한국금거래소쓰리,0.0,0.0,2.0,2.0
2095,2095,쓰리,0.0,0.0,2.0,2.0
2096,2096,엠,0.0,0.0,2.0,2.0
2097,2097,금순도,0.0,0.0,2.0,2.0
2098,2098,2014,0.0,0.0,2.0,2.0
2099,2099,2014년,0.0,0.0,2.0,2.0
2100,2100,전자기기,0.0,0.0,1.0,1.0
2101,2101,자기기,0.0,0.0,1.0,1.0
2102,2102,기기,0.0,0.0,1.0,1.0
2103,2103,공채전략,0.0,0.0,1.0,1.0
2104,2104,궁금증,0.0,0.0,2.0,2.0
2105,2105,계시,0.0,0.0,1.0,1.0
2106,2106,계시군,0.0,0.0,1.0,1.0
2107,2107,코리아,0.0,0.0,2.0,2.0
2108,2108,7월,0.0,0.0,1.0,1.0
2109,2109,7월3일,0.0,0.0,1.0,1.0
2110,2110,지금쯤,0.0,0.0,1.0,1.0
2111,2111,주민센터,0.0,0.0,4.0,4.0
2112,2112,서랍,0.0,0.0,1.0,1.0
2113,2113,서랍속,0.0,0.0,1.0,1.0
2114,2114,시간내서,0.0,0.0,1.0,1.0
2115,2115,가세,0.0,0.0,1.0,1.0
2116,2116,밖,0.0,0.0,1.0,1.0
2117,2117,1000원,0.0,0.0,1.0,1.0
2118,2118,20000,0.0,0.0,1.0,1.0
2119,2119,20000원,0.0,0.0,1.0,1.0
2120,2120,중3,0.0,0.0,1.0,1.0
2121,2121,학생,0.0,0.0,3.0,3.0
2122,2122,필요학,0.0,0.0,1.0,1.0
2123,2123,요구,0.0,0.0,1.0,1.0
2124,2124,스팩,0.0,0.0,1.0,1.0
2125,2125,스팩등,0.0,0.0,1.0,1.0
2126,2126,첨,0.0,0.0,1.0,1.0
2127,2127,바보,0.0,0.0,1.0,1.0
2128,2128,바보아저씨,0.0,0.0,1.0,1.0
2129,2129,아저씨,0.0,0.0,1.0,1.0
2130,2130,경제이야기,0.0,0.0,1.0,1.0
2131,2131,은행원,0.0,0.0,2.0,2.0
2132,2132,법,0.0,0.0,2.0,2.0
2133,2133,실제,0.0,0.0,1.0,1.0
2134,2134,국가경제,0.0,0.0,1.0,1.0
2135,2135,흐름,0.0,0.0,1.0,1.0
2136,2136,천원,0.0,0.0,2.0,2.0
2137,2137,오천,0.0,0.0,1.0,1.0
2138,2138,오천원권,0.0,0.0,1.0,1.0
2139,2139,만원,0.0,0.0,3.0,3.0
2140,2140,오만,0.0,0.0,1.0,1.0
2141,2141,오만원권,0.0,0.0,1.0,1.0
2142,2142,4종,0.0,0.0,1.0,1.0
2143,2143,인쇄시설,0.0,0.0,1.0,1.0
2144,2144,시설,0.0,0.0,1.0,1.0
2145,2145,보유,0.0,0.0,1.0,1.0
2146,2146,완공,0.0,0.0,1.0,1.0
2147,2147,철저,0.0,0.0,2.0,2.0
2148,2148,기업분석보고서,0.0,0.0,1.0,1.0
2149,2149,457,0.0,0.0,1.0,1.0
2150,2150,채택,0.0,0.0,1.0,1.0
2151,2151,통화신용정책,0.0,0.0,1.0,1.0
2152,2152,신용,0.0,0.0,2.0,2.0
2153,2153,물가,0.0,0.0,1.0,1.0
2154,2154,조절,0.0,0.0,1.0,1.0
2155,2155,우표등,0.0,0.0,1.0,1.0
2156,2156,종류,0.0,0.0,1.0,1.0
2157,2157,한국조폐공사법,0.0,0.0,1.0,1.0
2158,2158,공사법,0.0,0.0,1.0,1.0
2159,2159,한국담배인삼공사,0.0,0.0,1.0,1.0
2160,2160,담배,0.0,0.0,1.0,1.0
2161,2161,인삼,0.0,0.0,1.0,1.0
2162,2162,경우,0.0,0.0,5.0,5.0
2163,2163,민영화,0.0,0.0,1.0,1.0
2164,2164,영화,0.0,0.0,1.0,1.0
2165,2165,주식시장,0.0,0.0,1.0,1.0
2166,2166,상장,0.0,0.0,1.0,1.0
2167,2167,사실,0.0,0.0,1.0,1.0
2168,2168,누구,0.0,0.0,2.0,2.0
2169,2169,단체,0.0,0.0,1.0,1.0
2170,2170,통화승수,0.0,0.0,1.0,1.0
2171,2171,승수,0.0,0.0,1.0,1.0
2172,2172,유발,0.0,0.0,1.0,1.0
2173,2173,1억4천,0.0,0.0,1.0,1.0
2174,2174,8백,0.0,0.0,1.0,1.0
2175,2175,개인,0.0,0.0,1.0,1.0
2176,2176,개인회생가능,0.0,0.0,1.0,1.0
2177,2177,회생,0.0,0.0,1.0,1.0
2178,2178,개인회생,0.0,0.0,1.0,1.0
2179,2179,원금,0.0,0.0,1.0,1.0
2180,2180,1천만원,0.0,0.0,1.0,1.0
2181,2181,천만,0.0,0.0,1.0,1.0
2182,2182,재산,0.0,0.0,1.0,1.0
2183,2183,일정소득,0.0,0.0,1.0,1.0
2184,2184,소득,0.0,0.0,1.0,1.0
2185,2185,도박,0.0,0.0,1.0,1.0
2186,2186,변,0.0,0.0,1.0,1.0
2187,2187,공휴,0.0,0.0,1.0,1.0
2188,2188,회선,0.0,0.0,1.0,1.0
2189,2189,평일,0.0,0.0,1.0,1.0
2190,2190,수신,0.0,0.0,1.0,1.0
2191,2191,학교,0.0,0.0,5.0,5.0
2192,2192,숙제,0.0,0.0,1.0,1.0
2193,2193,대전엑스포과학공원,0.0,0.0,1.0,1.0
2194,2194,엑스포,0.0,0.0,1.0,1.0
2195,2195,과학,0.0,0.0,2.0,2.0
2196,2196,공원,0.0,0.0,1.0,1.0
2197,2197,근처,0.0,0.0,1.0,1.0
2198,2198,100만원,0.0,0.0,1.0,1.0
2199,2199,보통사람,0.0,0.0,1.0,1.0
2200,2200,서서,0.0,0.0,1.0,1.0
2201,2201,일도,0.0,0.0,1.0,1.0
2202,2202,품질보증,0.0,0.0,1.0,1.0
2203,2203,보관,0.0,0.0,1.0,1.0
2204,2204,현금화,0.0,0.0,1.0,1.0
2205,2205,조폐공사골드바,0.0,0.0,1.0,1.0
2206,2206,판매점,0.0,0.0,1.0,1.0
2207,2207,조회,0.0,0.0,3.0,3.0
2208,2208,ㅠ,0.0,0.0,2.0,2.0
2209,2209,동주민센터,0.0,0.0,1.0,1.0
2210,2210,든느,0.0,0.0,1.0,1.0
2211,2211,한국조폐,0.0,0.0,1.0,1.0
2212,2212,버나,0.0,0.0,1.0,1.0
2213,2213,페지페,0.0,0.0,1.0,1.0
2214,2214,특징,0.0,0.0,1.0,1.0
2215,2215,성격,0.0,0.0,1.0,1.0
2216,2216,토막살인사건,0.0,0.0,1.0,1.0
2217,2217,백원,0.0,0.0,1.0,1.0
2218,2218,머리,0.0,0.0,1.0,1.0
2219,2219,오,0.0,0.0,1.0,1.0
2220,2220,오백원,0.0,0.0,1.0,1.0
2221,2221,다리,0.0,0.0,1.0,1.0
2222,2222,오천원,0.0,0.0,1.0,1.0
2223,2223,효율적,0.0,0.0,1.0,1.0
2224,2224,논,0.0,0.0,1.0,1.0
2225,2225,조폐창,0.0,0.0,1.0,1.0
2226,2226,영남대학교,0.0,0.0,1.0,1.0
2227,2227,남대,0.0,0.0,1.0,1.0
2228,2228,본관,0.0,0.0,1.0,1.0
2229,2229,뒷편,0.0,0.0,1.0,1.0
2230,2230,뒷편쪽,0.0,0.0,1.0,1.0
2231,2231,도로,0.0,0.0,2.0,2.0
2232,2232,건너,0.0,0.0,1.0,1.0
2233,2233,경산조폐창,0.0,0.0,1.0,1.0
2234,2234,자인,0.0,0.0,1.0,1.0
2235,2235,자인쪽,0.0,0.0,1.0,1.0
2236,2236,법원,0.0,0.0,1.0,1.0
2237,2237,신의,0.0,0.0,1.0,1.0
2238,2238,직장,0.0,0.0,1.0,1.0
2239,2239,이때,0.0,0.0,1.0,1.0
2240,2240,한국은행법,0.0,0.0,1.0,1.0
2241,2241,제49조,0.0,0.0,1.0,1.0
2242,2242,49,0.0,0.0,1.0,1.0
2243,2243,53,0.0,0.0,1.0,1.0
2244,2244,53조,0.0,0.0,1.0,1.0
2245,2245,2항,0.0,0.0,1.0,1.0
2246,2246,항,0.0,0.0,1.0,1.0
2247,2247,의거,0.0,0.0,1.0,1.0
2248,2248,여,0.0,0.0,3.0,3.0
2249,2249,경쟁,0.0,0.0,1.0,1.0
2250,2250,비밀,0.0,0.0,1.0,1.0
2251,2251,서울대,0.0,0.0,1.0,1.0
2252,2252,경제학과,0.0,0.0,1.0,1.0
2253,2253,출신,0.0,0.0,1.0,1.0
2254,2254,35,0.0,0.0,1.0,1.0
2255,2255,언니,0.0,0.0,1.0,1.0
2256,2256,신용카드,0.0,0.0,1.0,1.0
2257,2257,100개,0.0,0.0,1.0,1.0
2258,2258,고등,0.0,0.0,2.0,2.0
2259,2259,고등학교,0.0,0.0,2.0,2.0
2260,2260,특별채용,0.0,0.0,1.0,1.0
2261,2261,3000,0.0,0.0,1.0,1.0
2262,2262,3000만원,0.0,0.0,1.0,1.0
2263,2263,20살,0.0,0.0,1.0,1.0
2264,2264,살,0.0,0.0,1.0,1.0
2265,2265,한국금거래소홈페이지,0.0,0.0,1.0,1.0
2266,2266,가격차이,0.0,0.0,1.0,1.0
2267,2267,샘,0.0,0.0,2.0,2.0
2268,2268,군데,0.0,0.0,1.0,1.0
2269,2269,한국조페공사,0.0,0.0,1.0,1.0
2270,2270,국가공인자격,0.0,0.0,1.0,1.0
2271,2271,공인,0.0,0.0,1.0,1.0
2272,2272,세상,0.0,0.0,1.0,1.0
2273,2273,세모시,0.0,0.0,1.0,1.0
2274,2274,매니저,0.0,0.0,1.0,1.0
2275,2275,정보처리기능사,0.0,0.0,1.0,1.0
2276,2276,기능사,0.0,0.0,1.0,1.0
2277,2277,중고,0.0,0.0,1.0,1.0
2278,2278,중고싸이트,0.0,0.0,1.0,1.0
2279,2279,싸이트,0.0,0.0,1.0,1.0
2280,2280,황,0.0,0.0,1.0,1.0
2281,2281,황규,0.0,0.0,1.0,1.0
2282,2282,규,0.0,0.0,1.0,1.0
2283,2283,시계,0.0,0.0,1.0,1.0
2284,2284,20만원,0.0,0.0,1.0,1.0
2285,2285,주말,0.0,0.0,1.0,1.0
2286,2286,한번,0.0,0.0,1.0,1.0
2287,2287,제출일,0.0,0.0,1.0,1.0
2288,2288,이번주,0.0,0.0,1.0,1.0
2289,2289,단지,0.0,0.0,1.0,1.0
2290,2290,때문,0.0,0.0,1.0,1.0
2291,2291,하루,0.0,0.0,2.0,2.0
2292,2292,조폐공사직원,0.0,0.0,1.0,1.0
2293,2293,임원급,0.0,0.0,1.0,1.0
2294,2294,임원급사람,0.0,0.0,1.0,1.0
2295,2295,두장,0.0,0.0,1.0,1.0
2296,2296,연결,0.0,0.0,1.0,1.0
2297,2297,예,0.0,0.0,2.0,2.0
2298,2298,50000,0.0,0.0,1.0,1.0
2299,2299,50000원,0.0,0.0,1.0,1.0
2300,2300,절단,0.0,0.0,1.0,1.0
2301,2301,그것,0.0,0.0,2.0,2.0
2302,2302,지인,0.0,0.0,1.0,1.0
2303,2303,조폐공사임원,0.0,0.0,1.0,1.0
2304,2304,3년내,0.0,0.0,1.0,1.0
2305,2305,중국여행,0.0,0.0,1.0,1.0
2306,2306,백두산,0.0,0.0,1.0,1.0
2307,2307,등정,0.0,0.0,1.0,1.0
2308,2308,정신적,0.0,0.0,1.0,1.0
2309,2309,교내,0.0,0.0,1.0,1.0
2310,2310,천지,0.0,0.0,1.0,1.0
2311,2311,수십,0.0,0.0,1.0,1.0
2312,2312,수십장,0.0,0.0,1.0,1.0
2313,2313,건국,0.0,0.0,1.0,1.0
2314,2314,건국국채구,0.0,0.0,1.0,1.0
2315,2315,건국국채,0.0,0.0,1.0,1.0
2316,2316,때여,0.0,0.0,1.0,1.0
2317,2317,니,0.0,0.0,1.0,1.0
2318,2318,얘기,0.0,0.0,1.0,1.0
2319,2319,5만원권의,0.0,0.0,1.0,1.0
2320,2320,권의,0.0,0.0,1.0,1.0
2321,2321,수표발행,0.0,0.0,1.0,1.0
2322,2322,감정가,0.0,0.0,1.0,1.0
2323,2323,분양,0.0,0.0,1.0,1.0
2324,2324,은999,0.0,0.0,1.0,1.0
2325,2325,999,0.0,0.0,1.0,1.0
2326,2326,직경,0.0,0.0,1.0,1.0
2327,2327,40,0.0,0.0,1.0,1.0
2328,2328,무게,0.0,0.0,1.0,1.0
2329,2329,311,0.0,0.0,1.0,1.0
2330,2330,표면,0.0,0.0,1.0,1.0
2331,2331,표면처리,0.0,0.0,1.0,1.0
2332,2332,프루프,0.0,0.0,1.0,1.0
2333,2333,창립50주년,0.0,0.0,1.0,1.0
2334,2334,미인도,0.0,0.0,1.0,1.0
2335,2335,상태,0.0,0.0,3.0,3.0
2336,2336,13만원,0.0,0.0,1.0,1.0
2337,2337,거래,0.0,0.0,2.0,2.0
2338,2338,네이버,0.0,0.0,1.0,1.0
2339,2339,네이버내의,0.0,0.0,1.0,1.0
2340,2340,내의,0.0,0.0,1.0,1.0
2341,2341,대비학원,0.0,0.0,1.0,1.0
2342,2342,면접경험,0.0,0.0,1.0,1.0
2343,2343,면접내용관련,0.0,0.0,1.0,1.0
2344,2344,내용,0.0,0.0,1.0,1.0
2345,2345,전문적,0.0,0.0,1.0,1.0
2346,2346,면접교육,0.0,0.0,1.0,1.0
2347,2347,대기업,0.0,0.0,1.0,1.0
2348,2348,일반기업,0.0,0.0,1.0,1.0
2349,2349,정밀,0.0,0.0,1.0,1.0
2350,2350,감시,0.0,0.0,1.0,1.0
2351,2351,감시카메라,0.0,0.0,1.0,1.0
2352,2352,카메라,0.0,0.0,1.0,1.0
2353,2353,동작,0.0,0.0,1.0,1.0
2354,2354,하나하나,0.0,0.0,1.0,1.0
2355,2355,녹화,0.0,0.0,1.0,1.0
2356,2356,장난감,0.0,0.0,1.0,1.0
2357,2357,의심,0.0,0.0,1.0,1.0
2358,2358,행위,0.0,0.0,1.0,1.0
2359,2359,수량,0.0,0.0,1.0,1.0
2360,2360,수색,0.0,0.0,1.0,1.0
2361,2361,한국조폐공사이하,0.0,0.0,1.0,1.0
2362,2362,제지본부,0.0,0.0,1.0,1.0
2363,2363,영업개발,0.0,0.0,1.0,1.0
2364,2364,검색,0.0,0.0,1.0,1.0
2365,2365,키,0.0,0.0,1.0,1.0
2366,2366,2005,0.0,0.0,1.0,1.0
2367,2367,2005년,0.0,0.0,1.0,1.0
2368,2368,10090807060403020987654321,0.0,0.0,1.0,1.0
2369,2369,문장,0.0,0.0,1.0,1.0
2370,2370,매,0.0,0.0,1.0,1.0
2371,2371,구매하기,0.0,0.0,1.0,1.0
2372,2372,하기,0.0,0.0,1.0,1.0
2373,2373,2시간,0.0,0.0,1.0,1.0
2374,2374,로그인,0.0,0.0,1.0,1.0
2375,2375,대도,0.0,0.0,1.0,1.0
2376,2376,1차,0.0,0.0,1.0,1.0
2377,2377,20060119,0.0,0.0,1.0,1.0
2378,2378,5000,0.0,0.0,1.0,1.0
2379,2379,사이트,0.0,0.0,3.0,3.0
2380,2380,5일,0.0,0.0,2.0,2.0
2381,2381,수령가능,0.0,0.0,1.0,1.0
2382,2382,시군구,0.0,0.0,1.0,1.0
2383,2383,5일후,0.0,0.0,1.0,1.0
2384,2384,종로,0.0,0.0,1.0,1.0
2385,2385,종로구,0.0,0.0,1.0,1.0
2386,2386,점포,0.0,0.0,1.0,1.0
2387,2387,재고,0.0,0.0,1.0,1.0
2388,2388,투자목적,0.0,0.0,1.0,1.0
2389,2389,마세,0.0,0.0,1.0,1.0
2390,2390,8년전,0.0,0.0,1.0,1.0
2391,2391,은값,0.0,0.0,1.0,1.0
2392,2392,요통,0.0,0.0,1.0,1.0
2393,2393,계속,0.0,0.0,2.0,2.0
2394,2394,하락세,0.0,0.0,1.0,1.0
2395,2395,인문계,0.0,0.0,1.0,1.0
2396,2396,1학년,0.0,0.0,1.0,1.0
2397,2397,학년,0.0,0.0,1.0,1.0
2398,2398,장래,0.0,0.0,1.0,1.0
2399,2399,장래희망,0.0,0.0,1.0,1.0
2400,2400,조폐공사이,0.0,0.0,1.0,1.0
2401,2401,사이,0.0,0.0,1.0,1.0
2402,2402,뭐가있을까요,0.0,0.0,1.0,1.0
2403,2403,내면,0.0,0.0,2.0,2.0
2404,2404,물물,0.0,0.0,1.0,1.0
2405,2405,해결,0.0,0.0,2.0,2.0
2406,2406,화페,0.0,0.0,1.0,1.0
2407,2407,연구실,0.0,0.0,1.0,1.0
2408,2408,물물교환,0.0,0.0,1.0,1.0
2409,2409,종이증권,0.0,0.0,1.0,1.0
2410,2410,지불,0.0,0.0,1.0,1.0
2411,2411,증서,0.0,0.0,1.0,1.0
2412,2412,요즘,0.0,0.0,1.0,1.0
2413,2413,문제집,0.0,0.0,1.0,1.0
2414,2414,문제집사야하나,0.0,0.0,1.0,1.0
2415,2415,사야,0.0,0.0,1.0,1.0
2416,2416,커트,0.0,0.0,1.0,1.0
2417,2417,라인,0.0,0.0,1.0,1.0
2418,2418,30,0.0,0.0,2.0,2.0
2419,2419,30명,0.0,0.0,1.0,1.0
2420,2420,1명,0.0,0.0,1.0,1.0
2421,2421,서류커트,0.0,0.0,1.0,1.0
2422,2422,심해,0.0,0.0,1.0,1.0
2423,2423,한국도로공사,0.0,0.0,1.0,1.0
2424,2424,한국남동발전,0.0,0.0,1.0,1.0
2425,2425,남동,0.0,0.0,1.0,1.0
2426,2426,발전,0.0,0.0,1.0,1.0
2427,2427,각각,0.0,0.0,1.0,1.0
2428,2428,기업형태,0.0,0.0,1.0,1.0
2429,2429,한국사회적기업진흥원,0.0,0.0,1.0,1.0
2430,2430,진흥원,0.0,0.0,2.0,2.0
2431,2431,중소기업,0.0,0.0,2.0,2.0
2432,2432,중소기업은행,0.0,0.0,1.0,1.0
2433,2433,한국산업은행,0.0,0.0,1.0,1.0
2434,2434,산업,0.0,0.0,1.0,1.0
2435,2435,한국체육산업개발,0.0,0.0,1.0,1.0
2436,2436,체육,0.0,0.0,1.0,1.0
2437,2437,국민체육진흥공단,0.0,0.0,1.0,1.0
2438,2438,문자가,0.0,0.0,2.0,2.0
2439,2439,서울생활,0.0,0.0,1.0,1.0
2440,2440,행복,0.0,0.0,2.0,2.0
2441,2441,우미,0.0,0.0,1.0,1.0
2442,2442,접수일,0.0,0.0,1.0,1.0
2443,2443,정확,0.0,0.0,1.0,1.0
2444,2444,사항,0.0,0.0,1.0,1.0
2445,2445,1월15일,0.0,0.0,1.0,1.0
2446,2446,발송,0.0,0.0,1.0,1.0
2447,2447,전화,0.0,0.0,1.0,1.0
2448,2448,전달,0.0,0.0,1.0,1.0
2449,2449,1금,0.0,0.0,1.0,1.0
2450,2450,한국금거래소,0.0,0.0,2.0,2.0
2451,2451,거래소한국,0.0,0.0,1.0,1.0
2452,2452,21번,0.0,0.0,1.0,1.0
2453,2453,10그램,0.0,0.0,1.0,1.0
2454,2454,그램,0.0,0.0,1.0,1.0
2455,2455,1개,0.0,0.0,1.0,1.0
2456,2456,1그램,0.0,0.0,1.0,1.0
2457,2457,10개,0.0,0.0,1.0,1.0
2458,2458,1번,0.0,0.0,2.0,2.0
2459,2459,금액,0.0,0.0,1.0,1.0
2460,2460,부가가치세,0.0,0.0,1.0,1.0
2461,2461,가치세,0.0,0.0,1.0,1.0
2462,2462,수수료,0.0,0.0,1.0,1.0
2463,2463,수수료등등,0.0,0.0,1.0,1.0
2464,2464,등등,0.0,0.0,1.0,1.0
2465,2465,있나요,0.0,0.0,1.0,1.0
2466,2466,환경,0.0,0.0,1.0,1.0
2467,2467,소통,0.0,0.0,1.0,1.0
2468,2468,주식무료,0.0,0.0,1.0,1.0
2469,2469,리딩,0.0,0.0,1.0,1.0
2470,2470,행정복지센터,0.0,0.0,1.0,1.0
2471,2471,복지,0.0,0.0,1.0,1.0
2472,2472,취합,0.0,0.0,1.0,1.0
2473,2473,담당자,0.0,0.0,1.0,1.0
2474,2474,스캐너,0.0,0.0,1.0,1.0
2475,2475,스캔,0.0,0.0,1.0,1.0
2476,2476,전송,0.0,0.0,1.0,1.0
2477,2477,제어,0.0,0.0,1.0,1.0
2478,2478,50전,0.0,0.0,1.0,1.0
2479,2479,1장,0.0,0.0,1.0,1.0
2480,2480,1952,0.0,0.0,1.0,1.0
2481,2481,1952년,0.0,0.0,1.0,1.0
2482,2482,100원주화,0.0,0.0,1.0,1.0
2483,2483,2개,0.0,0.0,1.0,1.0
2484,2484,광복,0.0,0.0,1.0,1.0
2485,2485,광복30주년,0.0,0.0,1.0,1.0
2486,2486,기념발행주화,0.0,0.0,1.0,1.0
2487,2487,답변주시,0.0,0.0,1.0,1.0
2488,2488,주시,0.0,0.0,1.0,1.0
2489,2489,수집부문,0.0,0.0,1.0,1.0
2490,2490,파워,0.0,0.0,1.0,1.0
2491,2491,파워지식인,0.0,0.0,1.0,1.0
2492,2492,5주,0.0,0.0,1.0,1.0
2493,2493,한참,0.0,0.0,1.0,1.0
2494,2494,됬다,0.0,0.0,1.0,1.0
2495,2495,부모님,0.0,0.0,1.0,1.0
2496,2496,핸드폰,0.0,0.0,1.0,1.0
2497,2497,좌지우지,0.0,0.0,1.0,1.0
2498,2498,국영,0.0,0.0,1.0,1.0
2499,2499,금거래서,0.0,0.0,1.0,1.0
2500,2500,거래서,0.0,0.0,1.0,1.0
2501,2501,3개정도,0.0,0.0,1.0,1.0
2502,2502,이중,0.0,0.0,1.0,1.0
2503,2503,품질관리,0.0,0.0,1.0,1.0
2504,2504,생산관리,0.0,0.0,1.0,1.0
2505,2505,가산점,0.0,0.0,1.0,1.0
2506,2506,실수하시더,0.0,0.0,1.0,1.0
2507,2507,수하,0.0,0.0,1.0,1.0
2508,2508,시더,0.0,0.0,1.0,1.0
2509,2509,십분동안,0.0,0.0,1.0,1.0
2510,2510,그분,0.0,0.0,1.0,1.0
2511,2511,제대,0.0,0.0,1.0,1.0
2512,2512,일괄,0.0,0.0,1.0,1.0
2513,2513,청소년증발급신청,0.0,0.0,1.0,1.0
2514,2514,자료구축,0.0,0.0,1.0,1.0
2515,2515,2주,0.0,0.0,1.0,1.0
2516,2516,코레일테크,0.0,0.0,1.0,1.0
2517,2517,테크,0.0,0.0,1.0,1.0
2518,2518,국방,0.0,0.0,1.0,1.0
2519,2519,국방과학연구소,0.0,0.0,1.0,1.0
2520,2520,한국가스기술공사,0.0,0.0,1.0,1.0
2521,2521,가스,0.0,0.0,1.0,1.0
2522,2522,중소기업기술정보진흥원,0.0,0.0,1.0,1.0
2523,2523,한국산,0.0,0.0,1.0,1.0
2524,2524,한국산학연협회,0.0,0.0,1.0,1.0
2525,2525,학연,0.0,0.0,1.0,1.0
2526,2526,한국특허정보원,0.0,0.0,1.0,1.0
2527,2527,가축,0.0,0.0,1.0,1.0
2528,2528,가축위생방역지원,0.0,0.0,1.0,1.0
2529,2529,위생,0.0,0.0,1.0,1.0
2530,2530,방역,0.0,0.0,1.0,1.0
2531,2531,농림,0.0,0.0,1.0,1.0
2532,2532,농림수산식품교육,0.0,0.0,1.0,1.0
2533,2533,수산,0.0,0.0,1.0,1.0
2534,2534,식품,0.0,0.0,1.0,1.0
2535,2535,문화정보원,0.0,0.0,1.0,1.0
2536,2536,축산물,0.0,0.0,1.0,1.0
2537,2537,축산물품질평가원,0.0,0.0,1.0,1.0
2538,2538,평가원,0.0,0.0,1.0,1.0
2539,2539,직업,0.0,0.0,1.0,1.0
2540,2540,직업기초능력평가,0.0,0.0,1.0,1.0
2541,2541,기초,0.0,0.0,1.0,1.0
2542,2542,평가영역,0.0,0.0,1.0,1.0
2543,2543,영역,0.0,0.0,1.0,1.0
2544,2544,의사소통,0.0,0.0,1.0,1.0
2545,2545,문제해결,0.0,0.0,1.0,1.0
2546,2546,수리,0.0,0.0,1.0,1.0
2547,2547,자원관리,0.0,0.0,1.0,1.0
2548,2548,4가지,0.0,0.0,1.0,1.0
2549,2549,가지,0.0,0.0,1.0,1.0
2550,2550,출제,0.0,0.0,1.0,1.0
2551,2551,80,0.0,0.0,1.0,1.0
2552,2552,80문항,0.0,0.0,1.0,1.0
2553,2553,문항,0.0,0.0,1.0,1.0
2554,2554,100분,0.0,0.0,1.0,1.0
2555,2555,난이도,0.0,0.0,1.0,1.0
2556,2556,중상,0.0,0.0,1.0,1.0
2557,2557,필기전형,0.0,0.0,1.0,1.0
2558,2558,민트,0.0,0.0,1.0,1.0
2559,2559,민트세트,0.0,0.0,1.0,1.0
2560,2560,15만정도,0.0,0.0,1.0,1.0
2561,2561,대략적,0.0,0.0,1.0,1.0
2562,2562,인적성면접,0.0,0.0,1.0,1.0
2563,2563,2017,0.0,0.0,1.0,1.0
2564,2564,2017년,0.0,0.0,1.0,1.0
2565,2565,니꼬,0.0,0.0,1.0,1.0
2566,2566,정식,0.0,0.0,1.0,1.0
2567,2567,2015년도,0.0,0.0,1.0,1.0
2568,2568,재품,0.0,0.0,1.0,1.0
2569,2569,동일,0.0,0.0,1.0,1.0
